Order_ID,Order_Date,Customer_ID,Product,Category,Region,Quantity,Sales,Discount,Profit
ORD00020,1/1/2023,CUST0143,Ergonomic Office Chair,Furniture,West,5,849.96,0.15,159.96
ORD00684,1/1/2023,CUST0234,Spiral Notebooks (3-Pack),Office Supplies,North,1,11.99,0.2,6.19
ORD01479,1/1/2023,CUST0003,Dual Monitor Arm,Technology,West,2,134.98,0.25,30.98
ORD01633,1/1/2023,CUST0046,Bluetooth Speaker,Electronics,North,4,199.96,0,87.96
ORD01992,1/1/2023,CUST0041,Desk Organizer Mesh,Furniture,West,1,24.99,0,13.49
ORD02013,1/1/2023,CUST0306,Bluetooth Speaker,Electronics,East,6,269.95,0.1,101.95
ORD02563,1/1/2023,CUST0198,HD Webcam 1080p,Technology,North,3,179.97,0,83.97
ORD02708,1/1/2023,CUST0255,External SSD 1TB,Technology,South,1,119.99,0,44.99
ORD02814,1/1/2023,CUST0361,HD Webcam 1080p,Technology,East,1,47.99,0.2,15.99
ORD01675,1/2/2023,CUST0149,Heavy-Duty Stapler,Office Supplies,East,1,19.99,0,11.49
ORD02299,1/2/2023,CUST0001,HDMI Cable 4K (6ft),Electronics,East,6,89.94,0,61.14
ORD02808,1/2/2023,CUST0335,A4 Printer Paper (Ream),Office Supplies,West,5,58.46,0.1,24.46
ORD00106,1/3/2023,CUST0071,Whiteboard Markers,Office Supplies,South,1,10.34,0.1,5.84
ORD02144,1/3/2023,CUST0078,Wireless Charging Pad,Electronics,East,5,112.46,0.25,39.96
ORD02183,1/3/2023,CUST0168,Document Folder Set,Office Supplies,East,2,33.98,0,19.98
ORD02326,1/3/2023,CUST0061,HD Webcam 1080p,Technology,West,1,53.99,0.1,21.99
ORD02608,1/3/2023,CUST0066,Lumbar Support Cushion,Furniture,West,1,29.99,0,15.99
ORD00836,1/4/2023,CUST0108,HDMI Cable 4K (6ft),Electronics,South,2,26.98,0.1,17.38
ORD01650,1/4/2023,CUST0043,Heavy-Duty Stapler,Office Supplies,South,2,35.98,0.1,18.98
ORD02151,1/4/2023,CUST0347,Noise-Canceling Headset,Technology,West,7,682.45,0.25,136.45
ORD00543,1/5/2023,CUST0114,USB-C Docking Station,Technology,West,2,284.98,0.05,94.98
ORD00856,1/5/2023,CUST0125,Mechanical Keyboard,Technology,West,3,191.98,0.2,53.98
ORD01008,1/5/2023,CUST0113,Whiteboard Markers,Office Supplies,West,1,10.92,0.05,6.42
ORD01181,1/5/2023,CUST0003,Standing Desk Converter,Furniture,West,2,499.98,0,149.98
ORD01881,1/5/2023,CUST0314,Document Folder Set,Office Supplies,South,1,16.99,0,9.99
ORD00560,1/6/2023,CUST0048,A4 Printer Paper (Ream),Office Supplies,North,6,74.04,0.05,33.24
ORD00751,1/6/2023,CUST0148,Standing Desk Converter,Furniture,East,2,499.98,0,149.98
ORD01294,1/6/2023,CUST0053,Whiteboard Markers,Office Supplies,South,1,10.92,0.05,6.42
ORD01695,1/6/2023,CUST0070,USB-C Docking Station,Technology,East,1,142.49,0.05,47.49
ORD02403,1/6/2023,CUST0134,Bluetooth Speaker,Electronics,North,2,99.98,0,43.98
ORD00004,1/7/2023,CUST0224,USB-C Docking Station,Technology,South,1,112.49,0.25,17.49
ORD01050,1/7/2023,CUST0028,Wireless Charging Pad,Electronics,South,1,29.99,0,15.49
ORD02852,1/7/2023,CUST0098,External SSD 1TB,Technology,South,3,359.97,0,134.97
ORD01287,1/8/2023,CUST0200,Spiral Notebooks (3-Pack),Office Supplies,South,10,134.91,0.1,76.91
ORD02422,1/8/2023,CUST0024,Ballpoint Pens (Pack of 12),Office Supplies,North,1,8.99,0,5.79
ORD02719,1/8/2023,CUST0198,USB-C Docking Station,Technology,West,2,299.98,0,109.98
ORD00392,1/9/2023,CUST0190,HDMI Cable 4K (6ft),Electronics,East,2,29.98,0,20.38
ORD00669,1/9/2023,CUST0026,USB-C Docking Station,Technology,North,2,254.98,0.15,64.98
ORD01057,1/9/2023,CUST0264,Portable Power Bank 20000mAh,Electronics,West,3,119.97,0,55.47
ORD01476,1/9/2023,CUST0102,Whiteboard Markers,Office Supplies,East,2,22.98,0,13.98
ORD02260,1/9/2023,CUST0001,Noise-Canceling Headset,Technology,North,4,493.96,0.05,181.96
ORD02377,1/9/2023,CUST0301,Whiteboard Markers,Office Supplies,South,1,10.34,0.1,5.84
ORD02619,1/9/2023,CUST0301,Dual Monitor Arm,Technology,South,1,89.99,0,37.99
ORD02663,1/9/2023,CUST0132,Portable Power Bank 20000mAh,Electronics,West,1,39.99,0,18.49
ORD02795,1/9/2023,CUST0007,Permanent Sticky Notes,Office Supplies,South,2,13.98,0,9.58
ORD02919,1/9/2023,CUST0146,Heavy-Duty Stapler,Office Supplies,West,1,18.99,0.05,10.49
ORD00281,1/10/2023,CUST0040,Ballpoint Pens (Pack of 12),Office Supplies,South,9,76.86,0.05,48.06
ORD01157,1/10/2023,CUST0102,Ballpoint Pens (Pack of 12),Office Supplies,South,2,16.18,0.1,9.78
ORD01934,1/10/2023,CUST0205,Ballpoint Pens (Pack of 12),Office Supplies,West,3,26.97,0,17.37
ORD02037,1/10/2023,CUST0041,Wireless Charging Pad,Electronics,West,5,127.46,0.15,54.96
ORD02136,1/10/2023,CUST0158,Document Folder Set,Office Supplies,East,1,16.99,0,9.99
ORD01285,1/11/2023,CUST0353,Desk Organizer Mesh,Furniture,West,1,23.74,0.05,12.24
ORD01393,1/11/2023,CUST0127,Surge Protector Power Strip,Electronics,North,3,70.17,0.1,32.67
ORD02755,1/11/2023,CUST0025,Dual Monitor Arm,Technology,South,2,161.98,0.1,57.98
ORD00811,1/12/2023,CUST0091,Whiteboard Markers,Office Supplies,East,1,11.49,0,6.99
ORD01164,1/12/2023,CUST0016,HDMI Cable 4K (6ft),Electronics,South,9,134.91,0,91.71
ORD02983,1/12/2023,CUST0102,Lumbar Support Cushion,Furniture,South,7,178.44,0.15,80.44
ORD00100,1/13/2023,CUST0132,Filing Cabinet,Furniture,South,8,1279.92,0,383.92
ORD00401,1/13/2023,CUST0371,Surge Protector Power Strip,Electronics,South,4,103.96,0,53.96
ORD00431,1/13/2023,CUST0004,A4 Printer Paper (Ream),Office Supplies,North,4,51.96,0,24.76
ORD00474,1/13/2023,CUST0240,Permanent Sticky Notes,Office Supplies,West,1,6.99,0,4.79
ORD01714,4/28/2024,CUST0336,Wireless Charging Pad,Electronics,North,1,29.99,0,15.49
ORD00821,1/13/2023,CUST0038,Whiteboard Markers,Office Supplies,East,7,72.39,0.1,40.89
ORD01679,1/13/2023,CUST0014,Mechanical Keyboard,Technology,South,2,151.98,0.05,59.98
ORD00556,1/14/2023,CUST0216,Noise-Canceling Headset,Technology,West,5,552.46,0.15,162.46
ORD01641,1/14/2023,CUST0147,Dual Monitor Arm,Technology,East,2,125.99,0.3,21.99
ORD01955,1/14/2023,CUST0350,Ballpoint Pens (Pack of 12),Office Supplies,East,3,26.97,0,17.37
ORD02429,1/14/2023,CUST0109,Wireless Laser Presenter,Electronics,South,1,21.84,0.05,12.34
ORD02506,1/14/2023,CUST0332,External SSD 1TB,Technology,West,2,239.98,0,89.98
ORD02634,1/14/2023,CUST0010,Heavy-Duty Stapler,Office Supplies,South,3,59.97,0,34.47
ORD01950,1/15/2023,CUST0079,Surge Protector Power Strip,Electronics,North,7,181.93,0,94.43
ORD02644,1/15/2023,CUST0103,Desk Organizer Mesh,Furniture,West,8,199.92,0,107.92
ORD00032,1/16/2023,CUST0358,Surge Protector Power Strip,Electronics,North,2,51.98,0,26.98
ORD00158,1/16/2023,CUST0056,Permanent Sticky Notes,Office Supplies,South,1,6.99,0,4.79
ORD00803,1/17/2023,CUST0012,Wireless Laser Presenter,Electronics,South,10,229.9,0,134.9
ORD01399,1/17/2023,CUST0041,Lumbar Support Cushion,Furniture,West,3,80.97,0.1,38.97
ORD01951,1/17/2023,CUST0065,Dual Monitor Arm,Technology,North,2,179.98,0,75.98
ORD02015,1/17/2023,CUST0002,External SSD 1TB,Technology,West,3,359.97,0,134.97
ORD02145,1/17/2023,CUST0103,Wireless Laser Presenter,Electronics,West,4,82.76,0.1,44.76
ORD02281,1/17/2023,CUST0200,Bookshelf 4-Tier,Furniture,East,1,101.99,0.15,19.99
ORD02352,1/17/2023,CUST0148,Document Folder Set,Office Supplies,East,4,67.96,0,39.96
ORD00094,1/18/2023,CUST0006,HD Webcam 1080p,Technology,North,3,179.97,0,83.97
ORD00912,1/18/2023,CUST0276,Laptop Stand,Technology,North,2,71.98,0.1,27.98
ORD00920,1/18/2023,CUST0095,Bookshelf 4-Tier,Furniture,North,2,167.99,0.3,3.99
ORD02732,1/18/2023,CUST0112,Spiral Notebooks (3-Pack),Office Supplies,East,1,14.99,0,9.19
ORD00535,1/19/2023,CUST0007,Desk Organizer Mesh,Furniture,East,4,84.97,0.15,38.97
ORD01026,1/19/2023,CUST0001,External SSD 1TB,Technology,East,2,239.98,0,89.98
ORD01308,1/19/2023,CUST0151,Laptop Stand,Technology,South,2,71.98,0.1,27.98
ORD02670,1/19/2023,CUST0002,Spiral Notebooks (3-Pack),Office Supplies,North,7,89.19,0.15,48.59
ORD00182,1/20/2023,CUST0088,Dual Monitor Arm,Technology,East,2,161.98,0.1,57.98
ORD00438,1/20/2023,CUST0373,Ballpoint Pens (Pack of 12),Office Supplies,South,4,35.96,0,23.16
ORD00720,1/20/2023,CUST0039,HDMI Cable 4K (6ft),Electronics,North,2,20.99,0.3,11.39
ORD00082,1/21/2023,CUST0154,USB-C Docking Station,Technology,East,2,299.98,0,109.98
ORD00218,1/21/2023,CUST0065,Adjustable Footrest,Furniture,South,2,59.48,0.15,23.48
ORD00953,1/21/2023,CUST0117,HD Webcam 1080p,Technology,West,2,95.98,0.2,31.98
ORD02196,1/21/2023,CUST0047,Permanent Sticky Notes,Office Supplies,South,1,6.64,0.05,4.44
ORD02209,1/22/2023,CUST0176,Noise-Canceling Headset,Technology,North,3,350.97,0.1,116.97
ORD01135,1/23/2023,CUST0016,Laptop Stand,Technology,North,3,119.97,0,53.97
ORD01248,1/23/2023,CUST0121,Adjustable Footrest,Furniture,South,1,34.99,0,16.99
ORD01084,1/24/2023,CUST0051,Laptop Stand,Technology,West,1,39.99,0,17.99
ORD01764,1/24/2023,CUST0011,Whiteboard Markers,Office Supplies,South,2,22.98,0,13.98
ORD02249,1/24/2023,CUST0176,Bookshelf 4-Tier,Furniture,South,1,119.99,0,37.99
ORD02961,1/24/2023,CUST0135,Bluetooth Speaker,Electronics,South,4,179.96,0.1,67.96
ORD01874,1/25/2023,CUST0099,Filing Cabinet,Furniture,East,1,111.99,0.3,-0.01
ORD01926,1/25/2023,CUST0098,Bluetooth Speaker,Electronics,East,3,149.97,0,65.97
ORD02099,1/25/2023,CUST0084,Desk Organizer Mesh,Furniture,South,3,74.97,0,40.47
ORD00065,1/26/2023,CUST0003,Portable Power Bank 20000mAh,Electronics,West,1,39.99,0,18.49
ORD01495,1/26/2023,CUST0268,Ergonomic Office Chair,Furniture,West,1,189.99,0.05,51.99
ORD01949,1/26/2023,CUST0293,Whiteboard Markers,Office Supplies,West,3,34.47,0,20.97
ORD00495,1/27/2023,CUST0170,Wireless Charging Pad,Electronics,West,2,53.98,0.1,24.98
ORD01542,1/27/2023,CUST0317,Ballpoint Pens (Pack of 12),Office Supplies,West,6,45.85,0.15,26.65
ORD02351,1/27/2023,CUST0346,Bookshelf 4-Tier,Furniture,West,7,797.93,0.05,223.93
ORD00908,1/28/2023,CUST0243,Dual Monitor Arm,Technology,West,4,341.96,0.05,133.96
ORD01674,1/28/2023,CUST0024,Document Folder Set,Office Supplies,North,2,32.28,0.05,18.28
ORD01777,1/28/2023,CUST0011,HDMI Cable 4K (6ft),Electronics,North,7,104.93,0,71.33
ORD02266,1/28/2023,CUST0138,Whiteboard Markers,Office Supplies,North,4,45.96,0,27.96
ORD02273,1/28/2023,CUST0064,Heavy-Duty Stapler,Office Supplies,South,3,59.97,0,34.47
ORD00950,1/29/2023,CUST0140,Dual Monitor Arm,Technology,South,3,269.97,0,113.97
ORD01852,1/29/2023,CUST0200,Adjustable Footrest,Furniture,West,1,34.99,0,16.99
ORD02588,1/29/2023,CUST0175,A4 Printer Paper (Ream),Office Supplies,North,1,12.99,0,6.19
ORD02598,1/29/2023,CUST0320,Document Folder Set,Office Supplies,North,1,16.99,0,9.99
ORD02740,1/29/2023,CUST0011,Ballpoint Pens (Pack of 12),Office Supplies,North,4,35.96,0,23.16
ORD00091,1/30/2023,CUST0100,Filing Cabinet,Furniture,North,4,639.96,0,191.96
ORD00173,1/30/2023,CUST0017,Ballpoint Pens (Pack of 12),Office Supplies,West,2,17.98,0,11.58
ORD00527,1/30/2023,CUST0286,Wireless Laser Presenter,Electronics,West,1,18.39,0.2,8.89
ORD01234,1/30/2023,CUST0014,HDMI Cable 4K (6ft),Electronics,West,1,14.99,0,10.19
ORD01597,1/30/2023,CUST0038,Document Folder Set,Office Supplies,West,1,14.44,0.15,7.44
ORD01644,1/30/2023,CUST0150,Spiral Notebooks (3-Pack),Office Supplies,East,5,74.95,0,45.95
ORD01831,1/30/2023,CUST0208,Wireless Charging Pad,Electronics,South,3,89.97,0,46.47
ORD02642,1/30/2023,CUST0032,Wireless Laser Presenter,Electronics,East,1,20.69,0.1,11.19
ORD00410,1/31/2023,CUST0049,Desk Organizer Mesh,Furniture,North,3,71.22,0.05,36.72
ORD00725,1/31/2023,CUST0341,Surge Protector Power Strip,Electronics,North,5,116.95,0.1,54.45
ORD01357,1/31/2023,CUST0012,External SSD 1TB,Technology,North,2,203.98,0.15,53.98
ORD02293,1/31/2023,CUST0122,Surge Protector Power Strip,Electronics,South,4,98.76,0.05,48.76
ORD02342,1/31/2023,CUST0174,HDMI Cable 4K (6ft),Electronics,South,3,40.47,0.1,26.07
ORD01558,2/1/2023,CUST0014,External SSD 1TB,Technology,West,1,107.99,0.1,32.99
ORD00266,2/2/2023,CUST0132,A4 Printer Paper (Ream),Office Supplies,North,1,12.99,0,6.19
ORD00688,2/2/2023,CUST0131,Wireless Laser Presenter,Electronics,East,3,65.52,0.05,37.02
ORD00772,2/2/2023,CUST0034,External SSD 1TB,Technology,South,4,479.96,0,179.96
ORD00945,2/2/2023,CUST0374,Bluetooth Speaker,Electronics,South,1,49.99,0,21.99
ORD01928,2/2/2023,CUST0010,Portable Power Bank 20000mAh,Electronics,North,2,79.98,0,36.98
ORD02407,2/2/2023,CUST0083,Spiral Notebooks (3-Pack),Office Supplies,East,2,29.98,0,18.38
ORD02512,2/2/2023,CUST0180,Bookshelf 4-Tier,Furniture,East,1,113.99,0.05,31.99
ORD00231,2/3/2023,CUST0146,Ballpoint Pens (Pack of 12),Office Supplies,South,4,34.16,0.05,21.36
ORD00376,2/3/2023,CUST0084,Lumbar Support Cushion,Furniture,North,5,149.95,0,79.95
ORD00817,2/3/2023,CUST0051,External SSD 1TB,Technology,East,4,407.97,0.15,107.97
ORD01405,2/3/2023,CUST0176,Surge Protector Power Strip,Electronics,North,2,51.98,0,26.98
ORD01409,2/3/2023,CUST0001,Dual Monitor Arm,Technology,West,2,152.98,0.15,48.98
ORD02572,2/3/2023,CUST0089,Portable Power Bank 20000mAh,Electronics,South,1,29.99,0.25,8.49
ORD00967,4/20/2024,CUST0097,HDMI Cable 4K (6ft),Electronics,East,1,14.99,0,10.19
ORD00458,2/4/2023,CUST0039,Ergonomic Office Chair,Furniture,North,1,199.99,0,61.99
ORD00871,2/4/2023,CUST0076,Lumbar Support Cushion,Furniture,West,4,113.96,0.05,57.96
ORD01514,2/4/2023,CUST0254,Wireless Charging Pad,Electronics,West,2,47.98,0.2,18.98
ORD02032,2/4/2023,CUST0036,Whiteboard Markers,Office Supplies,North,1,9.19,0.2,4.69
ORD02332,2/4/2023,CUST0346,A4 Printer Paper (Ream),Office Supplies,East,2,18.19,0.3,4.59
ORD00834,2/5/2023,CUST0004,Ballpoint Pens (Pack of 12),Office Supplies,West,1,8.54,0.05,5.34
ORD00977,2/5/2023,CUST0273,Heavy-Duty Stapler,Office Supplies,East,4,79.96,0,45.96
ORD01994,2/5/2023,CUST0310,Bookshelf 4-Tier,Furniture,South,6,503.96,0.3,11.96
ORD02916,2/5/2023,CUST0021,Portable Power Bank 20000mAh,Electronics,East,2,79.98,0,36.98
ORD00414,2/6/2023,CUST0123,Wireless Laser Presenter,Electronics,East,1,22.99,0,13.49
ORD01524,2/6/2023,CUST0052,USB-C Docking Station,Technology,East,3,449.97,0,164.97
ORD02773,2/6/2023,CUST0247,Portable Power Bank 20000mAh,Electronics,North,1,27.99,0.3,6.49
ORD01397,2/7/2023,CUST0023,HDMI Cable 4K (6ft),Electronics,East,4,53.96,0.1,34.76
ORD02090,2/7/2023,CUST0021,Ballpoint Pens (Pack of 12),Office Supplies,West,1,7.19,0.2,3.99
ORD02679,2/7/2023,CUST0001,Noise-Canceling Headset,Technology,East,3,389.97,0,155.97
ORD00279,2/8/2023,CUST0320,Noise-Canceling Headset,Technology,North,6,545.96,0.3,77.96
ORD00477,2/8/2023,CUST0016,Desk Organizer Mesh,Furniture,East,3,74.97,0,40.47
ORD00512,2/8/2023,CUST0060,Document Folder Set,Office Supplies,East,1,11.89,0.3,4.89
ORD00571,2/8/2023,CUST0006,Noise-Canceling Headset,Technology,North,1,110.49,0.15,32.49
ORD01510,2/8/2023,CUST0277,Noise-Canceling Headset,Technology,South,3,389.97,0,155.97
ORD02440,2/8/2023,CUST0001,Permanent Sticky Notes,Office Supplies,North,4,26.56,0.05,17.76
ORD01150,2/9/2023,CUST0121,Adjustable Footrest,Furniture,South,1,29.74,0.15,11.74
ORD01587,2/9/2023,CUST0079,Portable Power Bank 20000mAh,Electronics,South,5,179.96,0.1,72.46
ORD00049,2/10/2023,CUST0310,External SSD 1TB,Technology,East,2,227.98,0.05,77.98
ORD00111,2/10/2023,CUST0304,Permanent Sticky Notes,Office Supplies,North,1,5.24,0.25,3.04
ORD00194,2/10/2023,CUST0029,Filing Cabinet,Furniture,East,3,479.97,0,143.97
ORD00521,2/10/2023,CUST0280,Adjustable Footrest,Furniture,South,3,104.97,0,50.97
ORD01684,2/10/2023,CUST0009,Bookshelf 4-Tier,Furniture,North,2,239.98,0,75.98
ORD01775,2/10/2023,CUST0236,Heavy-Duty Stapler,Office Supplies,South,1,19.99,0,11.49
ORD01920,2/10/2023,CUST0011,Filing Cabinet,Furniture,South,4,607.96,0.05,159.96
ORD01973,2/10/2023,CUST0300,HD Webcam 1080p,Technology,East,2,95.98,0.2,31.98
ORD02139,2/10/2023,CUST0086,Permanent Sticky Notes,Office Supplies,South,10,66.41,0.05,44.41
ORD02237,2/10/2023,CUST0155,External SSD 1TB,Technology,North,3,323.97,0.1,98.97
ORD02330,2/10/2023,CUST0125,Spiral Notebooks (3-Pack),Office Supplies,South,2,26.98,0.1,15.38
ORD02652,2/10/2023,CUST0116,Desk Organizer Mesh,Furniture,West,3,67.47,0.1,32.97
ORD02921,2/10/2023,CUST0327,Noise-Canceling Headset,Technology,North,5,519.96,0.2,129.96
ORD02955,2/10/2023,CUST0104,Mechanical Keyboard,Technology,West,2,159.98,0,67.98
ORD02398,2/11/2023,CUST0020,Dual Monitor Arm,Technology,North,2,179.98,0,75.98
ORD02965,2/11/2023,CUST0003,Portable Power Bank 20000mAh,Electronics,East,3,119.97,0,55.47
ORD00192,2/12/2023,CUST0084,Wireless Laser Presenter,Electronics,North,3,65.52,0.05,37.02
ORD00246,2/12/2023,CUST0263,Laptop Stand,Technology,West,4,159.96,0,71.96
ORD00738,2/12/2023,CUST0147,Wireless Laser Presenter,Electronics,South,3,58.62,0.15,30.12
ORD00822,2/12/2023,CUST0007,Ballpoint Pens (Pack of 12),Office Supplies,West,2,14.38,0.2,7.98
ORD01222,2/12/2023,CUST0006,Heavy-Duty Stapler,Office Supplies,South,2,29.98,0.25,12.98
ORD02009,2/12/2023,CUST0110,Ballpoint Pens (Pack of 12),Office Supplies,West,3,26.97,0,17.37
ORD02060,2/12/2023,CUST0277,Mechanical Keyboard,Technology,East,1,79.99,0,33.99
ORD02481,2/12/2023,CUST0121,Wireless Laser Presenter,Electronics,North,2,39.08,0.15,20.08
ORD00740,2/13/2023,CUST0296,Mechanical Keyboard,Technology,South,3,227.97,0.05,89.97
ORD01130,2/13/2023,CUST0101,Wireless Laser Presenter,Electronics,North,1,20.69,0.1,11.19
ORD00222,2/14/2023,CUST0243,Wireless Charging Pad,Electronics,West,2,41.99,0.3,12.99
ORD00925,2/14/2023,CUST0004,Document Folder Set,Office Supplies,North,1,15.29,0.1,8.29
ORD00046,2/15/2023,CUST0001,Spiral Notebooks (3-Pack),Office Supplies,West,1,14.99,0,9.19
ORD00304,2/15/2023,CUST0069,External SSD 1TB,Technology,East,4,479.96,0,179.96
ORD00360,2/15/2023,CUST0254,Noise-Canceling Headset,Technology,South,1,110.49,0.15,32.49
ORD00413,2/15/2023,CUST0284,Laptop Stand,Technology,South,2,79.98,0,35.98
ORD00466,2/15/2023,CUST0032,Standing Desk Converter,Furniture,West,2,499.98,0,149.98
ORD00777,2/15/2023,CUST0186,Heavy-Duty Stapler,Office Supplies,South,5,99.95,0,57.45
ORD01268,2/15/2023,CUST0027,Dual Monitor Arm,Technology,West,1,89.99,0,37.99
ORD01368,2/15/2023,CUST0128,Heavy-Duty Stapler,Office Supplies,North,1,19.99,0,11.49
ORD01999,2/15/2023,CUST0171,Wireless Charging Pad,Electronics,East,3,89.97,0,46.47
ORD02001,2/15/2023,CUST0293,HDMI Cable 4K (6ft),Electronics,East,3,38.22,0.15,23.82
ORD02910,2/15/2023,CUST0074,Adjustable Footrest,Furniture,East,6,167.95,0.2,59.95
ORD00522,2/16/2023,CUST0001,HD Webcam 1080p,Technology,North,2,119.98,0,55.98
ORD00850,2/16/2023,CUST0141,Ergonomic Office Chair,Furniture,South,4,799.96,0,247.96
ORD01507,2/16/2023,CUST0002,A4 Printer Paper (Ream),Office Supplies,North,1,9.74,0.25,2.94
ORD01573,2/16/2023,CUST0004,HDMI Cable 4K (6ft),Electronics,West,3,38.22,0.15,23.82
ORD02689,2/16/2023,CUST0107,Filing Cabinet,Furniture,West,1,151.99,0.05,39.99
ORD02182,2/17/2023,CUST0209,A4 Printer Paper (Ream),Office Supplies,West,1,12.99,0,6.19
ORD02002,2/18/2023,CUST0037,Dual Monitor Arm,Technology,South,2,179.98,0,75.98
ORD02637,2/18/2023,CUST0070,Ergonomic Office Chair,Office Supplies ,East,4,799.96,0,247.96
ORD00668,2/20/2023,CUST0359,Laptop Stand,Technology,South,1,39.99,0,17.99
ORD00689,2/20/2023,CUST0058,Heavy-Duty Stapler,Office Supplies,North,6,107.95,0.1,56.95
ORD00709,2/20/2023,CUST0121,USB-C Docking Station,Technology,East,4,599.96,0,219.96
ORD01437,2/20/2023,CUST0250,Bookshelf 4-Tier,Furniture,South,1,119.99,0,37.99
ORD02131,2/20/2023,CUST0002,Wireless Charging Pad,Electronics,South,4,113.96,0.05,55.96
ORD02187,2/20/2023,CUST0030,Standing Desk Converter,Furniture,North,5,1249.95,0,374.95
ORD00484,2/21/2023,CUST0323,Ballpoint Pens (Pack of 12),Office Supplies,South,2,17.98,0,11.58
ORD00847,2/21/2023,CUST0314,Bluetooth Speaker,Electronics,South,1,47.49,0.05,19.49
ORD01459,2/21/2023,CUST0166,Surge Protector Power Strip,Electronics,North,5,123.45,0.05,60.95
ORD02594,2/21/2023,CUST0005,External SSD 1TB,Technology,West,6,575.95,0.2,125.95
ORD00118,2/22/2023,CUST0021,Ballpoint Pens (Pack of 12),Office Supplies,South,3,26.97,0,17.37
ORD00878,2/22/2023,CUST0008,Desk Organizer Mesh,Furniture,North,2,44.98,0.1,21.98
ORD01326,2/22/2023,CUST0164,Noise-Canceling Headset,Technology,North,1,116.99,0.1,38.99
ORD01518,2/22/2023,CUST0145,Standing Desk Converter,Furniture,West,1,212.49,0.15,37.49
ORD01740,2/22/2023,CUST0045,A4 Printer Paper (Ream),Office Supplies,South,2,24.68,0.05,11.08
ORD02100,2/22/2023,CUST0249,Whiteboard Markers,Office Supplies,East,2,21.83,0.05,12.83
ORD01088,2/23/2023,CUST0021,Permanent Sticky Notes,Office Supplies,North,2,13.28,0.05,8.88
ORD01311,2/23/2023,CUST0172,Bookshelf 4-Tier,Furniture,South,6,719.94,0,227.94
ORD02873,2/23/2023,CUST0148,Document Folder Set,Office Supplies,North,1,16.99,0,9.99
ORD01081,2/24/2023,CUST0350,Document Folder Set,Office Supplies,South,5,84.95,0,49.95
ORD01492,2/24/2023,CUST0193,Permanent Sticky Notes,Office Supplies,East,2,13.98,0,9.58
ORD01654,2/24/2023,CUST0062,Bookshelf 4-Tier,Furniture,North,1,119.99,0,37.99
ORD01855,2/24/2023,CUST0199,Ergonomic Office Chair,Furniture,West,1,199.99,0,61.99
ORD00029,2/25/2023,CUST0179,Bluetooth Speaker,Electronics,North,3,127.47,0.15,43.47
ORD00859,2/25/2023,CUST0165,Filing Cabinet,Furniture,North,3,383.98,0.2,47.98
ORD01490,2/25/2023,CUST0005,HD Webcam 1080p,Technology,North,2,101.98,0.15,37.98
ORD00294,2/26/2023,CUST0085,Whiteboard Markers,Office Supplies,East,2,20.68,0.1,11.68
ORD02272,2/26/2023,CUST0110,USB-C Docking Station,Technology,South,3,382.47,0.15,97.47
ORD02688,6/3/2024,CUST0053,USB-C Docking Station,Technology,North,1,104.99,0.3,9.99
ORD02300,2/26/2023,CUST0009,HDMI Cable 4K (6ft),Electronics,East,1,13.49,0.1,8.69
ORD00011,2/27/2023,CUST0025,Dual Monitor Arm,Technology,South,1,71.99,0.2,19.99
ORD02491,2/27/2023,CUST0062,Laptop Stand,Technology,East,3,119.97,0,53.97
ORD00036,2/28/2023,CUST0003,Lumbar Support Cushion,Furniture,East,1,28.49,0.05,14.49
ORD01532,2/28/2023,CUST0010,Laptop Stand,Technology,South,3,95.98,0.2,29.98
ORD01544,2/28/2023,CUST0252,Spiral Notebooks (3-Pack),Office Supplies,West,1,10.49,0.3,4.69
ORD02253,2/28/2023,CUST0375,Standing Desk Converter,Furniture,West,1,212.49,0.15,37.49
ORD02758,2/28/2023,CUST0016,A4 Printer Paper (Ream),Office Supplies,North,7,90.93,0,43.33
ORD00310,3/1/2023,CUST0127,Portable Power Bank 20000mAh,Electronics,East,2,79.98,0,36.98
ORD02363,3/1/2023,CUST0349,Portable Power Bank 20000mAh,Electronics,East,4,159.96,0,73.96
ORD00026,3/2/2023,CUST0025,Wireless Charging Pad,Electronics,North,1,26.99,0.1,12.49
ORD00278,3/2/2023,CUST0316,Mechanical Keyboard,Technology,North,3,191.98,0.2,53.98
ORD02569,3/2/2023,CUST0006,Heavy-Duty Stapler,Office Supplies,East,5,79.96,0.2,37.46
ORD02950,3/2/2023,CUST0316,Ballpoint Pens (Pack of 12),Office Supplies,South,1,8.54,0.05,5.34
ORD00109,3/3/2023,CUST0015,Adjustable Footrest,Furniture,West,6,209.94,0,101.94
ORD01720,3/3/2023,CUST0039,Lumbar Support Cushion,Furniture,East,1,29.99,0,15.99
ORD00468,3/4/2023,CUST0273,HDMI Cable 4K (6ft),Electronics,West,3,33.73,0.25,19.33
ORD01786,3/4/2023,CUST0142,HD Webcam 1080p,Technology,East,2,119.98,0,55.98
ORD01966,3/4/2023,CUST0211,Noise-Canceling Headset,Technology,East,1,129.99,0,51.99
ORD02528,3/4/2023,CUST0042,HDMI Cable 4K (6ft),Electronics,East,1,14.24,0.05,9.44
ORD02611,3/4/2023,CUST0157,Permanent Sticky Notes,Office Supplies,East,1,5.94,0.15,3.74
ORD02736,3/4/2023,CUST0188,USB-C Docking Station,Technology,West,2,299.98,0,109.98
ORD00193,3/5/2023,CUST0084,Wireless Charging Pad,Electronics,West,1,26.99,0.1,12.49
ORD00831,3/5/2023,CUST0063,Ergonomic Office Chair,Furniture,North,4,799.96,0,247.96
ORD02489,3/5/2023,CUST0025,Document Folder Set,Office Supplies,West,4,67.96,0,39.96
ORD02677,3/5/2023,CUST0165,Noise-Canceling Headset,Technology,East,2,259.98,0,103.98
ORD00364,3/6/2023,CUST0134,Permanent Sticky Notes,Office Supplies,North,1,6.64,0.05,4.44
ORD01114,3/6/2023,CUST0156,USB-C Docking Station,Technology,South,1,127.49,0.15,32.49
ORD00025,3/7/2023,CUST0050,A4 Printer Paper (Ream),Office Supplies,East,1,11.69,0.1,4.89
ORD00073,3/7/2023,CUST0073,Filing Cabinet,Furniture,South,1,159.99,0,47.99
ORD00965,3/7/2023,CUST0160,Wireless Charging Pad,Electronics,West,3,89.97,0,46.47
ORD02437,3/7/2023,CUST0112,Wireless Laser Presenter,Electronics,West,1,22.99,0,13.49
ORD02767,3/7/2023,CUST0017,Ergonomic Office Chair,Furniture,West,2,359.98,0.1,83.98
ORD01107,3/8/2023,CUST0139,A4 Printer Paper (Ream),Office Supplies,North,2,25.98,0,12.38
ORD01732,3/8/2023,CUST0051,Standing Desk Converter,Furniture,North,3,674.97,0.1,149.97
ORD01783,3/8/2023,CUST0079,Wireless Charging Pad,Electronics,North,3,80.97,0.1,37.47
ORD02073,3/8/2023,CUST0085,HDMI Cable 4K (6ft),Electronics,East,2,29.98,0,20.38
ORD02480,3/8/2023,CUST0232,Dual Monitor Arm,Technology,East,2,170.98,0.05,66.98
ORD00239,3/9/2023,CUST0043,Wireless Laser Presenter,Electronics,South,2,45.98,0,26.98
ORD01916,3/9/2023,CUST0057,Portable Power Bank 20000mAh,Electronics,West,2,79.98,0,36.98
ORD02045,3/9/2023,CUST0127,Document Folder Set,Office Supplies,North,3,50.97,0,29.97
ORD02114,3/9/2023,CUST0234,Bluetooth Speaker,Electronics,South,4,199.96,0,87.96
ORD02923,3/9/2023,CUST0001,Whiteboard Markers,Office Supplies,East,4,45.96,0,27.96
ORD00167,3/10/2023,CUST0006,USB-C Docking Station,Technology,North,3,382.47,0.15,97.47
ORD00473,3/10/2023,CUST0006,Permanent Sticky Notes,Office Supplies,South,1,6.64,0.05,4.44
ORD00959,3/10/2023,CUST0129,Whiteboard Markers,Office Supplies,North,4,41.36,0.1,23.36
ORD02705,3/10/2023,CUST0058,Adjustable Footrest,Furniture,South,1,29.74,0.15,11.74
ORD00323,3/11/2023,CUST0196,Mechanical Keyboard,Technology,South,1,71.99,0.1,25.99
ORD00757,3/11/2023,CUST0224,Bluetooth Speaker,Electronics,South,1,44.99,0.1,16.99
ORD00928,3/11/2023,CUST0007,Heavy-Duty Stapler,Office Supplies,East,3,44.98,0.25,19.48
ORD01891,3/11/2023,CUST0028,Whiteboard Markers,Office Supplies,East,2,19.53,0.15,10.53
ORD02040,3/11/2023,CUST0094,Bluetooth Speaker,Electronics,East,1,42.49,0.15,14.49
ORD02439,3/11/2023,CUST0245,Mechanical Keyboard,Technology,East,2,127.98,0.2,35.98
ORD01128,3/12/2023,CUST0051,Spiral Notebooks (3-Pack),Office Supplies,East,2,26.98,0.1,15.38
ORD02939,3/12/2023,CUST0093,Dual Monitor Arm,Technology,South,2,125.99,0.3,21.99
ORD00583,3/13/2023,CUST0311,Filing Cabinet,Furniture,South,3,431.97,0.1,95.97
ORD00832,3/13/2023,CUST0099,Portable Power Bank 20000mAh,Electronics,South,3,119.97,0,55.47
ORD00837,3/13/2023,CUST0118,HD Webcam 1080p,Technology,West,2,113.98,0.05,49.98
ORD02978,3/13/2023,CUST0157,Ballpoint Pens (Pack of 12),Office Supplies,South,1,8.09,0.1,4.89
ORD00790,3/14/2023,CUST0244,Whiteboard Markers,Office Supplies,East,1,11.49,0,6.99
ORD02578,3/14/2023,CUST0002,Standing Desk Converter,Furniture,South,2,449.98,0.1,99.98
ORD01249,3/15/2023,CUST0113,Adjustable Footrest,Furniture,West,3,99.72,0.05,45.72
ORD00448,3/16/2023,CUST0060,HDMI Cable 4K (6ft),Electronics,East,1,14.99,0,10.19
ORD00574,3/16/2023,CUST0055,Ballpoint Pens (Pack of 12),Office Supplies,West,1,8.99,0,5.79
ORD00338,3/17/2023,CUST0005,HD Webcam 1080p,Technology,West,1,59.99,0,27.99
ORD00322,3/18/2023,CUST0341,Document Folder Set,Office Supplies,North,1,15.29,0.1,8.29
ORD00459,3/18/2023,CUST0121,Bluetooth Speaker,Electronics,South,9,359.93,0.2,107.93
ORD01933,3/18/2023,CUST0016,Mechanical Keyboard,Technology,West,4,255.97,0.2,71.97
ORD02166,3/18/2023,CUST0102,Whiteboard Markers,Office Supplies,North,9,103.41,0,62.91
ORD00031,3/19/2023,CUST0082,Portable Power Bank 20000mAh,Electronics,North,3,113.97,0.05,49.47
ORD00957,3/19/2023,CUST0273,Ballpoint Pens (Pack of 12),Office Supplies,South,1,8.54,0.05,5.34
ORD01767,3/19/2023,CUST0129,Bluetooth Speaker,Electronics,East,4,169.97,0.15,57.97
ORD01839,3/19/2023,CUST0020,Mechanical Keyboard,Technology,West,3,191.98,0.2,53.98
ORD02937,3/19/2023,CUST0170,Standing Desk Converter,Furniture,North,4,999.96,0,299.96
ORD00411,3/20/2023,CUST0101,Heavy-Duty Stapler,Office Supplies,East,2,39.98,0,22.98
ORD00599,3/20/2023,CUST0108,Standing Desk Converter,Furniture,North,2,449.98,0.1,99.98
ORD01346,3/20/2023,CUST0242,Surge Protector Power Strip,Electronics,West,1,25.99,0,13.49
ORD02027,3/20/2023,CUST0020,Ergonomic Office Chair,Furniture,South,3,539.97,0.1,125.97
ORD02232,3/20/2023,CUST0013,Wireless Charging Pad,Electronics,East,4,119.96,0,61.96
ORD02258,3/20/2023,CUST0349,Portable Power Bank 20000mAh,Electronics,West,2,59.98,0.25,16.98
ORD02268,3/20/2023,CUST0006,Wireless Laser Presenter,Electronics,East,3,68.97,0,40.47
ORD00597,3/21/2023,CUST0109,Standing Desk Converter,Furniture,East,2,399.98,0.2,49.98
ORD00810,3/21/2023,CUST0184,Permanent Sticky Notes,Office Supplies,South,1,6.99,0,4.79
ORD02096,3/21/2023,CUST0143,Desk Organizer Mesh,Furniture,East,1,17.49,0.3,5.99
ORD00226,3/22/2023,CUST0078,Surge Protector Power Strip,Electronics,East,1,25.99,0,13.49
ORD00704,3/22/2023,CUST0236,Wireless Charging Pad,Electronics,South,4,119.96,0,61.96
ORD00809,3/22/2023,CUST0111,A4 Printer Paper (Ream),Office Supplies,South,3,29.23,0.25,8.83
ORD02743,3/22/2023,CUST0326,Heavy-Duty Stapler,Office Supplies,South,2,39.98,0,22.98
ORD00690,3/23/2023,CUST0091,Ballpoint Pens (Pack of 12),Office Supplies,East,6,53.94,0,34.74
ORD00752,3/23/2023,CUST0144,Mechanical Keyboard,Technology,South,3,203.97,0.15,65.97
ORD02886,3/23/2023,CUST0035,Portable Power Bank 20000mAh,Electronics,North,4,143.96,0.1,57.96
ORD01481,3/24/2023,CUST0038,Dual Monitor Arm,Technology,North,3,269.97,0,113.97
ORD02785,3/24/2023,CUST0301,Ergonomic Office Chair,Furniture,North,3,599.97,0,185.97
ORD00211,3/25/2023,CUST0060,Laptop Stand,Technology,West,3,101.97,0.15,35.97
ORD00587,3/25/2023,CUST0273,Surge Protector Power Strip,Electronics,West,1,23.39,0.1,10.89
ORD02174,3/25/2023,CUST0049,Mechanical Keyboard,Technology,East,1,67.99,0.15,21.99
ORD00568,3/26/2023,CUST0344,Noise-Canceling Headset,Technology,East,1,129.99,0,51.99
ORD00814,3/26/2023,CUST0010,Noise-Canceling Headset,Technology,South,1,129.99,0,51.99
ORD00985,3/26/2023,CUST0008,HD Webcam 1080p,Technology,West,4,203.97,0.15,75.97
ORD01806,3/26/2023,CUST0356,Surge Protector Power Strip,Electronics,South,7,127.35,0.3,39.85
ORD02118,3/26/2023,CUST0005,A4 Printer Paper (Ream),Office Supplies,East,2,25.98,0,12.38
ORD02884,3/26/2023,CUST0017,Laptop Stand,Technology,North,2,67.98,0.15,23.98
ORD00656,3/27/2023,CUST0007,Heavy-Duty Stapler,Office Supplies,East,5,99.95,0,57.45
ORD00342,3/28/2023,CUST0206,A4 Printer Paper (Ream),Office Supplies,East,1,12.99,0,6.19
ORD00423,3/28/2023,CUST0135,Spiral Notebooks (3-Pack),Office Supplies,West,1,14.24,0.05,8.44
ORD01146,3/28/2023,CUST0039,A4 Printer Paper (Ream),Office Supplies,East,2,23.38,0.1,9.78
ORD01295,3/28/2023,CUST0114,HDMI Cable 4K (6ft),Electronics,South ,2,29.98,0,20.38
ORD02646,3/28/2023,CUST0131,Wireless Charging Pad,Electronics,South,1,29.99,0,15.49
ORD00354,3/29/2023,CUST0008,HD Webcam 1080p,Technology,South,3,179.97,0,83.97
ORD00358,3/29/2023,CUST0008,Surge Protector Power Strip,Electronics,South,1,22.09,0.15,9.59
ORD02231,3/29/2023,CUST0121,HD Webcam 1080p,Technology,East,2,113.98,0.05,49.98
ORD02967,3/29/2023,CUST0045,Permanent Sticky Notes,Office Supplies,East,3,20.97,0,14.37
ORD00090,3/30/2023,CUST0036,Lumbar Support Cushion,Furniture,South,3,89.97,0,47.97
ORD02155,3/30/2023,CUST0375,Dual Monitor Arm,Technology,North,4,341.96,0.05,133.96
ORD02545,3/30/2023,CUST0197,A4 Printer Paper (Ream),Office Supplies,West,1,12.99,0,6.19
ORD02682,3/30/2023,CUST0100,Laptop Stand,Technology,North,1,35.99,0.1,13.99
ORD00002,3/31/2023,CUST0140,Laptop Stand,Technology,North,2,79.98,0,35.98
ORD00340,3/31/2023,CUST0018,Desk Organizer Mesh,Furniture,East,1,24.99,0,13.49
ORD00463,3/31/2023,CUST0039,Permanent Sticky Notes,Office Supplies,East,1,6.99,0,4.79
ORD00726,3/31/2023,CUST0208,Spiral Notebooks (3-Pack),Office Supplies,East,3,44.97,0,27.57
ORD01377,3/31/2023,CUST0102,Standing Desk Converter,Furniture,West,1,249.99,0,74.99
ORD01768,3/31/2023,CUST0132,Adjustable Footrest,Furniture,West,4,118.97,0.15,46.97
ORD00454,4/1/2023,CUST0261,Spiral Notebooks (3-Pack),Office Supplies,West,2,29.98,0,18.38
ORD02986,4/1/2023,CUST0049,USB-C Docking Station,Technology,East,4,419.97,0.3,39.97
ORD00393,4/2/2023,CUST0209,Dual Monitor Arm,Technology,South,1,89.99,0,37.99
ORD00661,4/2/2023,CUST0081,Bookshelf 4-Tier,Furniture,North,1,113.99,0.05,31.99
ORD01472,4/2/2023,CUST0019,Wireless Laser Presenter,Electronics,North,1,20.69,0.1,11.19
ORD02640,4/2/2023,CUST0073,Wireless Laser Presenter,Electronics,West,1,22.99,0,13.49
ORD02981,4/2/2023,CUST0205,A4 Printer Paper (Ream),Office Supplies,North,6,74.04,0.05,33.24
ORD00132,4/3/2023,CUST0079,HD Webcam 1080p,Technology,East,1,59.99,0,27.99
ORD00191,4/3/2023,CUST0151,Whiteboard Markers,Office Supplies,East,7,72.39,0.1,40.89
ORD00254,4/3/2023,CUST0341,A4 Printer Paper (Ream),Office Supplies,North,2,25.98,0,12.38
ORD00708,4/3/2023,CUST0024,Filing Cabinet,Furniture,North,1,151.99,0.05,39.99
ORD01236,4/3/2023,CUST0245,Standing Desk Converter,Furniture,West,4,899.96,0.1,199.96
ORD01781,4/3/2023,CUST0248,Bookshelf 4-Tier,Furniture,East,7,839.93,0,265.93
ORD01915,4/3/2023,CUST0044,Surge Protector Power Strip,Electronics,East,7,181.93,0,94.43
ORD01182,4/4/2023,CUST0001,Laptop Stand,Technology,South,1,35.99,0.1,13.99
ORD01738,4/4/2023,CUST0216,Heavy-Duty Stapler,Office Supplies,West,1,19.99,0,11.49
ORD02021,4/5/2023,CUST0005,Spiral Notebooks (3-Pack),Office Supplies,East,1,14.99,0,9.19
ORD02307,4/5/2023,CUST0217,Adjustable Footrest,Furniture,West,6,167.95,0.2,59.95
ORD00383,4/6/2023,CUST0069,Spiral Notebooks (3-Pack),Office Supplies,West,2,22.48,0.25,10.88
ORD02538,4/6/2023,CUST0038,Surge Protector Power Strip,Electronics,West,1,25.99,0,13.49
ORD02936,4/6/2023,CUST0008,Whiteboard Markers,Office Supplies,East,3,32.75,0.05,19.25
ORD00196,4/7/2023,CUST0126,Bookshelf 4-Tier,Furniture,East,3,287.98,0.2,41.98
ORD01009,4/7/2023,CUST0302,HD Webcam 1080p,Technology,West,1,59.99,0,27.99
ORD02316,4/7/2023,CUST0078,Ergonomic Office Chair,Furniture,North,1,199.99,0,61.99
ORD02626,4/7/2023,CUST0062,Spiral Notebooks (3-Pack),Office Supplies,North,10,149.9,0,91.9
ORD00166,4/8/2023,CUST0044,Bookshelf 4-Tier,Furniture,South,1,95.99,0.2,13.99
ORD00391,4/8/2023,CUST0001,Standing Desk Converter,Furniture,East,2,499.98,0,149.98
ORD00655,4/8/2023,CUST0004,Portable Power Bank 20000mAh,Electronics,North,4,151.96,0.05,65.96
ORD00997,4/8/2023,CUST0125,External SSD 1TB,Technology,South,2,215.98,0.1,65.98
ORD01796,4/8/2023,CUST0202,Desk Organizer Mesh,Furniture,North,1,24.99,0,13.49
ORD00462,4/9/2023,CUST0003,Document Folder Set,Office Supplies,East,1,16.99,0,9.99
ORD01672,4/9/2023,CUST0064,Standing Desk Converter,Furniture,South,1,249.99,0,74.99
ORD02271,4/9/2023,CUST0009,Noise-Canceling Headset,Technology,West,6,584.96,0.25,116.96
ORD01250,4/10/2023,CUST0010,Permanent Sticky Notes,Office Supplies,West,1,5.24,0.25,3.04
ORD01376,4/10/2023,CUST0251,Noise-Canceling Headset,Technology,South,5,552.46,0.15,162.46
ORD01704,4/10/2023,CUST0067,Laptop Stand,Technology,East,1,39.99,0,17.99
ORD01914,4/10/2023,CUST0240,Laptop Stand,Technology,West,5,199.95,0,89.95
ORD01827,4/11/2023,CUST0133,Noise-Canceling Headset,Technology,North,2,233.98,0.1,77.98
ORD02394,4/11/2023,CUST0011,Adjustable Footrest,Furniture,West,5,166.2,0.05,76.2
ORD00164,4/12/2023,CUST0244,HD Webcam 1080p,Technology,East,4,215.96,0.1,87.96
ORD00721,4/12/2023,CUST0313,Desk Organizer Mesh,Furniture,East,1,23.74,0.05,12.24
ORD01087,4/12/2023,CUST0045,Bookshelf 4-Tier,Furniture,North,7,671.94,0.2,97.94
ORD01403,4/12/2023,CUST0377,Bluetooth Speaker,Electronics,North,1,37.49,0.25,9.49
ORD02193,4/12/2023,CUST0034,Document Folder Set,Office Supplies,South,2,33.98,0,19.98
ORD02622,4/12/2023,CUST0166,Spiral Notebooks (3-Pack),Office Supplies,North,2,23.98,0.2,12.38
ORD00041,4/13/2023,CUST0004,Dual Monitor Arm,Technology,North,1,89.99,0,37.99
ORD00098,4/13/2023,CUST0268,Bookshelf 4-Tier,Furniture,North,1,113.99,0.05,31.99
ORD01662,4/13/2023,CUST0018,Standing Desk Converter,Furniture,South,1,249.99,0,74.99
ORD01741,4/13/2023,CUST0119,USB-C Docking Station,Technology,South,1,149.99,0,54.99
ORD02121,4/13/2023,CUST0002,Heavy-Duty Stapler,Office Supplies,East,4,79.96,0,45.96
ORD02428,4/13/2023,CUST0084,Laptop Stand,Technology,East,2,79.98,0,35.98
ORD02691,4/13/2023,CUST0054,Portable Power Bank 20000mAh,Electronics,North,7,251.94,0.1,101.44
ORD02735,4/13/2023,CUST0029,Laptop Stand,Technology,West,4,159.96,0,71.96
ORD02770,4/13/2023,CUST0010,Laptop Stand,Technology,North,2,75.98,0.05,31.98
ORD01570,4/14/2023,CUST0010,USB-C Docking Station,Technology,North,1,149.99,0,54.99
ORD01758,4/14/2023,CUST0003,Desk Organizer Mesh,Furniture,South,6,149.94,0,80.94
ORD01824,4/14/2023,CUST0199,Desk Organizer Mesh,Furniture,East,2,44.98,0.1,21.98
ORD00937,4/15/2023,CUST0215,Surge Protector Power Strip,Electronics,North,8,207.92,0,107.92
ORD01047,4/15/2023,CUST0262,Laptop Stand,Technology,North,1,39.99,0,17.99
ORD01188,4/15/2023,CUST0199,Document Folder Set,Office Supplies,East,1,16.99,0,9.99
ORD01605,4/15/2023,CUST0103,Heavy-Duty Stapler,Office Supplies,North,1,19.99,0,11.49
ORD02255,4/15/2023,CUST0006,Whiteboard Markers,Office Supplies,East,3,29.3,0.15,15.8
ORD02317,4/15/2023,CUST0067,A4 Printer Paper (Ream),Office Supplies,West,3,37.02,0.05,16.62
ORD02431,4/15/2023,CUST0029,Standing Desk Converter,Furniture,South,8,1699.93,0.15,299.93
ORD01306,4/16/2023,CUST0193,A4 Printer Paper (Ream),Office Supplies,North,5,58.46,0.1,24.46
ORD01340,4/16/2023,CUST0120,Noise-Canceling Headset,Technology,South,1,129.99,0,51.99
ORD01821,4/16/2023,CUST0006,Permanent Sticky Notes,Office Supplies,West,1,5.94,0.15,3.74
ORD01404,4/17/2023,CUST0101,Permanent Sticky Notes,Office Supplies,North,2,13.28,0.05,8.88
ORD01536,4/17/2023,CUST0003,Wireless Laser Presenter,Electronics,West,2,45.98,0,26.98
ORD01825,4/17/2023,CUST0379,HDMI Cable 4K (6ft),Electronics,East,4,59.96,0,40.76
ORD01383,4/18/2023,CUST0038,USB-C Docking Station,Technology,West,1,119.99,0.2,24.99
ORD00848,4/19/2023,CUST0008,Permanent Sticky Notes,Office Supplies,North,4,27.96,0,19.16
ORD01010,4/19/2023,CUST0270,Laptop Stand,Technology,South,3,113.97,0.05,47.97
ORD02624,4/19/2023,CUST0232,A4 Printer Paper (Ream),Office Supplies,East,1,12.34,0.05,5.54
ORD00044,4/20/2023,CUST0215,Dual Monitor Arm,Technology,East,3,,0,113.97
ORD00067,4/20/2023,CUST0235,Noise-Canceling Headset,Technology,West,2,259.98,0,103.98
ORD00138,4/20/2023,CUST0027,Permanent Sticky Notes,Office Supplies,South,3,20.97,0,14.37
ORD02194,4/20/2023,CUST0028,Lumbar Support Cushion,Furniture,North,7,157.45,0.25,59.45
ORD02421,4/20/2023,CUST0051,Noise-Canceling Headset,Technology,North,5,584.96,0.1,194.96
ORD02791,4/20/2023,CUST0024,Document Folder Set,Office Supplies,North,1,16.14,0.05,9.14
ORD01612,4/21/2023,CUST0085,Heavy-Duty Stapler,Office Supplies,South,1,19.99,0,11.49
ORD02430,4/21/2023,CUST0362,Whiteboard Markers,Office Supplies,West ,2,22.98,0,13.98
ORD00030,4/22/2023,CUST0029,USB-C Docking Station,Technology,North,1,142.49,0.05,47.49
ORD00056,4/22/2023,CUST0142,Lumbar Support Cushion,Furniture,South,3,85.47,0.05,43.47
ORD01297,4/22/2023,CUST0373,Whiteboard Markers,Office Supplies,North,2,22.98,0,13.98
ORD02570,4/22/2023,CUST0367,Ballpoint Pens (Pack of 12),Office Supplies,North,1,7.19,0.2,3.99
ORD00015,4/23/2023,CUST0013,HD Webcam 1080p,Technology,South,1,59.99,0,27.99
ORD00263,4/23/2023,CUST0366,Document Folder Set,Office Supplies,West,5,76.45,0.1,41.45
ORD00932,4/23/2023,CUST0110,Bookshelf 4-Tier,Furniture,East,2,239.98,0,75.98
ORD01218,4/23/2023,CUST0084,Surge Protector Power Strip,Electronics,North,3,66.27,0.15,28.77
ORD01353,4/23/2023,CUST0003,Lumbar Support Cushion,Furniture,West,4,119.96,0,63.96
ORD01455,4/23/2023,CUST0028,Surge Protector Power Strip,Electronics,South,2,49.38,0.05,24.38
ORD01136,4/24/2023,CUST0050,USB-C Docking Station,Technology,North,4,539.96,0.1,159.96
ORD01521,4/24/2023,CUST0136,Wireless Charging Pad,Electronics,East,1,29.99,0,15.49
ORD01805,4/24/2023,CUST0009,A4 Printer Paper (Ream),Office Supplies,West,1,12.99,0,6.19
ORD02879,4/24/2023,CUST0274,External SSD 1TB,Technology,North,3,341.97,0.05,116.97
ORD00292,4/25/2023,CUST0004,Permanent Sticky Notes,Office Supplies,North,2,13.98,0,9.58
ORD01742,4/25/2023,CUST0203,Adjustable Footrest,Furniture,North,4,125.96,0.1,53.96
ORD00302,4/26/2023,CUST0002,Permanent Sticky Notes,Office Supplies,West,5,34.95,0,23.95
ORD00528,4/26/2023,CUST0303,Ergonomic Office Chair,Furniture,South,1,179.99,0.1,41.99
ORD00712,4/26/2023,CUST0178,Bookshelf 4-Tier,Furniture,North,1,107.99,0.1,25.99
ORD01470,4/26/2023,CUST0034,Spiral Notebooks (3-Pack),Office Supplies,North,8,95.94,0.2,49.54
ORD01594,4/26/2023,CUST0354,Wireless Charging Pad,Electronics,South,2,59.98,0,30.98
ORD01792,4/26/2023,CUST0358,Filing Cabinet,Furniture,West,2,319.98,0,95.98
ORD02354,4/26/2023,CUST0320,A4 Printer Paper (Ream),Office Supplies,North,2,23.38,0.1,9.78
ORD00120,4/27/2023,CUST0088,Noise-Canceling Headset,Technology,North,6,779.94,0,311.94
ORD00366,4/27/2023,CUST0053,Portable Power Bank 20000mAh,Electronics,North,3,101.97,0.15,37.47
ORD00566,4/27/2023,CUST0064,Ballpoint Pens (Pack of 12),Office Supplies,North,2,15.28,0.15,8.88
ORD00765,4/27/2023,CUST0185,Adjustable Footrest,Furniture,East,7,208.19,0.15,82.19
ORD01401,4/27/2023,CUST0328,Bookshelf 4-Tier,Furniture,North,2,227.98,0.05,63.98
ORD01620,4/27/2023,CUST0002,Standing Desk Converter,Furniture,East,2,499.98,0,149.98
ORD02152,4/27/2023,CUST0228,Desk Organizer Mesh,Furniture,West,4,94.96,0.05,48.96
ORD01085,4/28/2023,CUST0366,Ballpoint Pens (Pack of 12),Office Supplies,North,1,8.99,0,5.79
ORD01089,4/28/2023,CUST0033,Desk Organizer Mesh,Furniture,South,2,49.98,0,26.98
ORD02180,4/28/2023,CUST0070,Dual Monitor Arm,Technology,East,2,152.98,0.15,48.98
ORD02404,4/28/2023,CUST0012,External SSD 1TB,Technology,East,1,119.99,0,44.99
ORD02536,4/28/2023,CUST0002,Noise-Canceling Headset,Technology,East,3,370.47,0.05,136.47
ORD00861,4/29/2023,CUST0004,USB-C Docking Station,Technology,East,1,149.99,0,54.99
ORD02369,4/29/2023,CUST0248,Bluetooth Speaker,Electronics,North,1,47.49,0.05,19.49
ORD01869,4/30/2023,CUST0177,External SSD 1TB,Technology,South,1,101.99,0.15,26.99
ORD00516,5/1/2023,CUST0036,Whiteboard Markers,Office Supplies,North,1,11.49,0,6.99
ORD00991,5/1/2023,CUST0001,Document Folder Set,Office Supplies,West,2,30.58,0.1,16.58
ORD01291,5/1/2023,CUST0038,Bookshelf 4-Tier,Furniture,North,3,341.97,0.05,95.97
ORD01319,5/1/2023,CUST0318,USB-C Docking Station,Technology,East,7,892.44,0.15,227.44
ORD01529,5/1/2023,CUST0309,Wireless Charging Pad,Electronics,South,1,23.99,0.2,9.49
ORD02556,5/1/2023,CUST0088,Adjustable Footrest,Furniture,North,3,99.72,0.05,45.72
ORD00600,5/2/2023,CUST0173,Bookshelf 4-Tier,Furniture,East,2,227.98,0.05,63.98
ORD00844,5/2/2023,CUST0022,Permanent Sticky Notes,Office Supplies,South,3,16.78,0.2,10.18
ORD00992,5/2/2023,CUST0024,Noise-Canceling Headset,Technology,West,1,110.49,0.15,32.49
ORD01918,5/2/2023,CUST0115,A4 Printer Paper (Ream),Office Supplies,East,3,35.07,0.1,14.67
ORD02799,5/2/2023,CUST0142,A4 Printer Paper (Ream),Office Supplies,South,1,11.69,0.1,4.89
ORD02966,5/2/2023,CUST0304,A4 Printer Paper (Ream),Office Supplies,West,1,12.99,0,6.19
ORD00408,5/3/2023,CUST0001,Laptop Stand,Technology,North,7,265.93,0.05,111.93
ORD00559,5/3/2023,CUST0061,Desk Organizer Mesh,Furniture,South,1,21.24,0.15,9.74
ORD01733,5/3/2023,CUST0167,Filing Cabinet,Furniture,East,3,479.97,0,143.97
ORD02915,5/3/2023,CUST0242,Document Folder Set,Office Supplies,West,1,15.29,0.1,8.29
ORD00705,5/4/2023,CUST0291,HD Webcam 1080p,Technology,West,6,323.95,0.1,131.95
ORD01780,5/4/2023,CUST0338,Ballpoint Pens (Pack of 12),Office Supplies,East,1,8.99,0,5.79
ORD01956,5/5/2023,CUST0144,Ballpoint Pens (Pack of 12),Office Supplies,East,4,28.77,0.2,15.97
ORD00882,5/6/2023,CUST0091,Document Folder Set,Office Supplies,East,1,15.29,0.1,8.29
ORD01419,5/6/2023,CUST0008,Standing Desk Converter,Furniture,North,2,499.98,0,149.98
ORD02153,5/6/2023,CUST0095,Document Folder Set,Office Supplies,North,4,67.96,0,39.96
ORD02756,5/6/2023,CUST0177,Filing Cabinet,Furniture,South,4,639.96,0,191.96
ORD00485,5/7/2023,CUST0183,USB-C Docking Station,Technology,,1,119.99,0.2,24.99
ORD00542,5/7/2023,CUST0232,Adjustable Footrest,Furniture,East,2,52.48,0.25,16.48
ORD00746,5/7/2023,CUST0006,Spiral Notebooks (3-Pack),Office Supplies,South,2,29.98,0,18.38
ORD01063,5/7/2023,CUST0003,Heavy-Duty Stapler,Office Supplies,South,2,39.98,0,22.98
ORD01117,5/8/2023,CUST0005,Laptop Stand,Technology,South,5,179.96,0.1,69.96
ORD01192,5/8/2023,CUST0043,Document Folder Set,Office Supplies,North,1,16.99,0,9.99
ORD01779,5/8/2023,CUST0006,Mechanical Keyboard,Technology,East,1,67.99,0.15,21.99
ORD02082,5/8/2023,CUST0236,Ballpoint Pens (Pack of 12),Office Supplies,East,1,6.74,0.25,3.54
ORD02279,5/8/2023,CUST0003,Whiteboard Markers,Office Supplies,East,1,9.77,0.15,5.27
ORD02623,5/8/2023,CUST0111,Wireless Laser Presenter,Electronics,North,2,45.98,0,26.98
ORD00381,5/10/2023,CUST0193,External SSD 1TB,Technology,East,4,407.97,0.15,107.97
ORD01060,5/10/2023,CUST0110,A4 Printer Paper (Ream),Office Supplies,North,2,24.68,0.05,11.08
ORD01302,5/10/2023,CUST0013,Document Folder Set,Office Supplies,East,1,14.44,0.15,7.44
ORD01630,5/10/2023,CUST0246,Document Folder Set,Office Supplies,South,2,27.18,0.2,13.18
ORD02222,5/10/2023,CUST0028,Noise-Canceling Headset,Technology,East,5,649.95,0,259.95
ORD02847,5/10/2023,CUST0009,Portable Power Bank 20000mAh,Electronics,East,5,199.95,0,92.45
ORD00199,5/11/2023,CUST0177,Wireless Laser Presenter,Electronics,West,6,137.94,0,80.94
ORD01118,5/11/2023,CUST0004,Bluetooth Speaker,Electronics,South,3,149.97,0,65.97
ORD02043,5/11/2023,CUST0095,Portable Power Bank 20000mAh,Electronics,West,3,101.97,0.15,37.47
ORD00241,5/12/2023,CUST0296,Spiral Notebooks (3-Pack),Office Supplies,East,4,59.96,0,36.76
ORD00922,5/12/2023,CUST0283,External SSD 1TB,Technology,South,1,83.99,0.3,8.99
ORD01596,5/12/2023,CUST0233,Lumbar Support Cushion,Furniture,West,3,80.97,0.1,38.97
ORD01071,5/13/2023,CUST0357,Permanent Sticky Notes,Office Supplies,North,1,6.64,0.05,4.44
ORD01370,5/13/2023,CUST0194,USB-C Docking Station,Technology,West,2,284.98,0.05,94.98
ORD02597,5/13/2023,CUST0089,Ballpoint Pens (Pack of 12),Office Supplies,East,2,17.98,0,11.58
ORD00609,5/14/2023,CUST0312,Heavy-Duty Stapler,Office Supplies,West,4,71.96,0.1,37.96
ORD00782,5/14/2023,CUST0002,Bluetooth Speaker,Electronics,North,1,49.99,0,21.99
ORD01068,5/14/2023,CUST0094,Bookshelf 4-Tier,Furniture,East,2,227.98,0.05,63.98
ORD01138,5/14/2023,CUST0245,USB-C Docking Station,Technology,East,1,149.99,0,54.99
ORD01315,5/14/2023,CUST0158,Heavy-Duty Stapler,Office Supplies,East,6,107.95,0.1,56.95
ORD01416,5/14/2023,CUST0368,Document Folder Set,Office Supplies,South,1,13.59,0.2,6.59
ORD00511,5/15/2023,CUST0022,Mechanical Keyboard,Technology,North,2,143.98,0.1,51.98
ORD01016,5/15/2023,CUST0056,Dual Monitor Arm,Technology,East,2,143.98,0.2,39.98
ORD01798,5/15/2023,CUST0047,Standing Desk Converter,Furniture,East,6,1499.94,0,449.94
ORD02361,5/15/2023,CUST0224,Dual Monitor Arm,Technology,North,5,427.45,0.05,167.45
ORD02635,5/15/2023,CUST0010,Bookshelf 4-Tier,Furniture,West,1,95.99,0.2,13.99
ORD02694,5/15/2023,CUST0012,Surge Protector Power Strip,Electronics,West,9,233.91,0,121.41
ORD00886,5/16/2023,CUST0093,Adjustable Footrest,Furniture,East,1,34.99,0,16.99
ORD02030,5/16/2023,CUST0214,Portable Power Bank 20000mAh,Electronics,North,2,67.98,0.15,24.98
ORD02310,5/16/2023,CUST0348,Adjustable Footrest,Furniture,West,1,27.99,0.2,9.99
ORD00394,5/17/2023,CUST0163,Heavy-Duty Stapler,Office Supplies,East,1,17.99,0.1,9.49
ORD01759,5/18/2023,CUST0298,Noise-Canceling Headset,Technology,East,4,415.97,0.2,103.97
ORD01847,5/18/2023,CUST0046,Wireless Laser Presenter,Electronics,North,2,45.98,0,26.98
ORD02211,5/18/2023,CUST0002,Spiral Notebooks (3-Pack),Office Supplies,North,3,35.98,0.2,18.58
ORD02264,5/18/2023,CUST0301,Mechanical Keyboard,Technology,North,1,75.99,0.05,29.99
ORD00699,5/19/2023,CUST0376,Bookshelf 4-Tier,Furniture,West,1,119.99,0,37.99
ORD00710,5/19/2023,CUST0095,USB-C Docking Station,Technology,East,1,134.99,0.1,39.99
ORD01873,5/19/2023,CUST0084,HD Webcam 1080p,Technology,South,2,119.98,0,55.98
ORD02746,5/19/2023,CUST0002,Dual Monitor Arm,Technology,South,1,89.99,0,37.99
ORD02907,5/19/2023,CUST0099,Dual Monitor Arm,Technology,North,2,179.98,0,75.98
ORD00662,5/20/2023,CUST0052,Ergonomic Office Chair,Furniture,East,2,339.98,0.15,63.98
ORD00767,5/20/2023,CUST0095,Document Folder Set,Office Supplies,East,1,14.44,0.15,7.44
ORD00968,5/20/2023,CUST0002,Ballpoint Pens (Pack of 12),Office Supplies,East,1,7.19,0.2,3.99
ORD01205,5/20/2023,CUST0200,External SSD 1TB,Technology,North,5,539.95,0.1,164.95
ORD02492,5/20/2023,CUST0040,Wireless Charging Pad,Electronics,North,1,29.99,0,15.49
ORD02975,5/20/2023,CUST0090,Ballpoint Pens (Pack of 12),Office Supplies,East,1,8.99,0,5.79
ORD00212,5/21/2023,CUST0002,HDMI Cable 4K (6ft),Electronics,East,1,13.49,0.1,8.69
ORD00260,5/21/2023,CUST0200,Portable Power Bank 20000mAh,Electronics,South,3,113.97,0.05,49.47
ORD01537,5/21/2023,CUST0273,Ballpoint Pens (Pack of 12),Office Supplies,East,1,8.99,0,5.79
ORD02172,5/21/2023,CUST0004,Portable Power Bank 20000mAh,Electronics,North,5,199.95,0,92.45
ORD00268,5/22/2023,CUST0110,Spiral Notebooks (3-Pack),Office Supplies,South,2,22.48,0.25,10.88
ORD01052,5/22/2023,CUST0249,Filing Cabinet,Furniture,West,7,1063.93,0.05,279.93
ORD01355,5/22/2023,CUST0009,A4 Printer Paper (Ream),Office Supplies,South,1,9.74,0.25,2.94
ORD02456,5/22/2023,CUST0014,Dual Monitor Arm,Technology,East,3,269.97,0,113.97
ORD02973,5/22/2023,CUST0169,Permanent Sticky Notes,Office Supplies,West,1,6.99,0,4.79
ORD00343,5/23/2023,CUST0033,External SSD 1TB,Technology,North,2,239.98,0,89.98
ORD01159,5/23/2023,CUST0013,Wireless Charging Pad,Electronics,East,4,95.97,0.2,37.97
ORD00321,5/24/2023,CUST0203,Desk Organizer Mesh,Furniture,West,7,166.18,0.05,85.68
ORD01504,5/24/2023,CUST0035,Ballpoint Pens (Pack of 12),Office Supplies,West,1,7.64,0.15,4.44
ORD01974,5/24/2023,CUST0013,Spiral Notebooks (3-Pack),Office Supplies,North,4,41.97,0.3,18.77
ORD02135,5/24/2023,CUST0027,Ballpoint Pens (Pack of 12),Office Supplies,West,3,26.97,0,17.37
ORD00145,5/25/2023,CUST0222,HD Webcam 1080p,Technology,East,8,359.94,0.25,103.94
ORD01668,5/25/2023,CUST0249,Standing Desk Converter,Furniture,South,3,749.97,0,224.97
ORD02968,5/25/2023,CUST0225,Wireless Charging Pad,Electronics,North,1,26.99,0.1,12.49
ORD01538,5/26/2023,CUST0002,USB-C Docking Station,Technology,East,2,299.98,0,109.98
ORD01971,5/26/2023,CUST0044,Permanent Sticky Notes,Office Supplies,North,2,13.98,0,9.58
ORD02469,5/26/2023,CUST0014,Portable Power Bank 20000mAh,Electronics,West,4,159.96,0,73.96
ORD00013,5/27/2023,CUST0033,Mechanical Keyboard,Technology,East,3,239.97,0,101.97
ORD00174,5/27/2023,CUST0129,Standing Desk Converter,Furniture,East,8,1999.92,0,599.92
ORD00854,5/27/2023,CUST0162,Whiteboard Markers,Office Supplies,North,1,10.34,0.1,5.84
ORD01215,5/27/2023,CUST0033,HD Webcam 1080p,Technology,South,1,41.99,0.3,9.99
ORD01231,5/27/2023,CUST0291,Wireless Laser Presenter,Electronics,East,1,19.54,0.15,10.04
ORD01280,5/27/2023,CUST0062,Heavy-Duty Stapler,,West,3,59.97,0,34.47
ORD01896,5/27/2023,CUST0121,Ergonomic Office Chair,Furniture,East,2,379.98,0.05,103.98
ORD02276,5/27/2023,CUST0154,Wireless Charging Pad,Electronics,South,7,209.93,0,108.43
ORD02376,5/27/2023,CUST0297,Spiral Notebooks (3-Pack),Office Supplies,South,1,14.99,0,9.19
ORD02855,5/27/2023,CUST0159,Standing Desk Converter,Furniture,South,1,224.99,0.1,49.99
ORD00157,5/29/2023,CUST0371,Document Folder Set,Office Supplies,North,3,50.97,0,29.97
ORD00976,5/29/2023,CUST0057,Document Folder Set,Office Supplies,South,3,40.78,0.2,19.78
ORD02482,5/29/2023,CUST0006,Dual Monitor Arm,Technology,South,5,449.95,0,189.95
ORD02520,5/29/2023,CUST0033,Wireless Charging Pad,Electronics,West,5,149.95,0,77.45
ORD02558,5/29/2023,CUST0036,Permanent Sticky Notes,Office Supplies,South,1,6.99,0,4.79
ORD02940,5/29/2023,CUST0263,Ballpoint Pens (Pack of 12),Office Supplies,West,6,53.94,0,34.74
ORD00671,5/30/2023,CUST0003,Heavy-Duty Stapler,Office Supplies,East,1,15.99,0.2,7.49
ORD01387,5/30/2023,CUST0163,Ergonomic Office Chair,Furniture,West,4,799.96,0,247.96
ORD01840,5/30/2023,CUST0201,Whiteboard Markers,Office Supplies,North,2,19.53,0.15,10.53
ORD02098,5/30/2023,CUST0216,Heavy-Duty Stapler,Office Supplies,North,1,18.99,0.05,10.49
ORD02296,5/30/2023,CUST0229,Wireless Charging Pad,Electronics,East,9,229.42,0.15,98.92
ORD02513,5/30/2023,CUST0291,Bluetooth Speaker,Electronics,North,7,349.93,0,153.93
ORD00796,5/31/2023,CUST0173,Bookshelf 4-Tier,Furniture,South,2,239.98,0,75.98
ORD02294,5/31/2023,CUST0079,Noise-Canceling Headset,Technology,East,2,259.98,0,103.98
ORD00893,6/1/2023,CUST0060,A4 Printer Paper (Ream),Office Supplies,East,1,12.99,0,6.19
ORD00901,6/1/2023,CUST0201,Filing Cabinet,Furniture,South,1,159.99,0,47.99
ORD01253,6/1/2023,CUST0061,Wireless Laser Presenter,Electronics,east,6,137.94,0,80.94
ORD00102,6/2/2023,CUST0255,Bluetooth Speaker,Electronics,West,1,42.49,0.15,14.49
ORD00590,6/2/2023,CUST0058,Noise-Canceling Headset,Technology,East,5,649.95,0,259.95
ORD00770,6/2/2023,CUST0036,USB-C Docking Station,Technology,East,5,712.45,0.05,237.45
ORD00845,6/2/2023,CUST0214,Laptop Stand,Technology,North,1,35.99,0.1,13.99
ORD00858,6/2/2023,CUST0185,HDMI Cable 4K (6ft),Electronics,East,1,11.99,0.2,7.19
ORD01307,6/2/2023,CUST0025,Laptop Stand,Technology,South,1,39.99,0,17.99
ORD02078,6/2/2023,CUST0039,Wireless Charging Pad,Electronics,north,1,29.99,0,15.49
ORD02127,6/2/2023,CUST0194,Laptop Stand,Technology,East,1,39.99,0,17.99
ORD02446,6/2/2023,CUST0023,Ergonomic Office Chair,Furniture,East,2,399.98,0,123.98
ORD00197,6/3/2023,CUST0049,A4 Printer Paper (Ream),Office Supplies,West,1,11.69,0.1,4.89
ORD01358,6/3/2023,CUST0228,Standing Desk Converter,Furniture,East,3,749.97,0,224.97
ORD01371,6/3/2023,CUST0001,Whiteboard Markers,Office Supplies,East,5,57.45,0,34.95
ORD01045,6/4/2023,CUST0281,Portable Power Bank 20000mAh,Electronics,East,3,95.98,0.2,31.48
ORD01055,6/4/2023,CUST0312,HD Webcam 1080p,Technology,West,4,191.97,0.2,63.97
ORD01772,6/4/2023,CUST0031,HD Webcam 1080p,Technology,West,2,107.98,0.1,43.98
ORD02532,6/4/2023,CUST0363,Wireless Laser Presenter,Electronics,East,1,18.39,0.2,8.89
ORD02822,6/4/2023,CUST0193,Adjustable Footrest,Furniture,West,2,69.98,0,33.98
ORD01372,6/5/2023,CUST0183,HD Webcam 1080p,Technology,North,3,143.98,0.2,47.98
ORD02500,6/5/2023,CUST0039,HDMI Cable 4K (6ft),Electronics,South,5,67.45,0.1,43.45
ORD00584,6/6/2023,CUST0129,Bookshelf 4-Tier,Furniture,West,1,119.99,0,37.99
ORD00707,6/6/2023,CUST0003,Whiteboard Markers,Office Supplies,West,4,43.66,0.05,25.66
ORD01031,6/6/2023,CUST0213,Filing Cabinet,Furniture,South,5,759.95,0.05,199.95
ORD01893,6/6/2023,CUST0051,Surge Protector Power Strip,Electronics,South,1,23.39,0.1,10.89
ORD01049,6/7/2023,CUST0166,Standing Desk Converter,Furniture,North,1,187.49,0.25,12.49
ORD01670,6/7/2023,CUST0185,Wireless Charging Pad,Electronics,North,1,29.99,0,15.49
ORD02696,6/7/2023,CUST0052,Wireless Laser Presenter,Electronics,East,3,62.07,0.1,33.57
ORD00035,6/8/2023,CUST0018,Laptop Stand,Technology,East,2,67.98,0.15,23.98
ORD00129,6/8/2023,CUST0005,Ballpoint Pens (Pack of 12),Office Supplies,South,3,24.27,0.1,14.67
ORD00678,6/8/2023,CUST0059,External SSD 1TB,Technology,East,3,359.97,0,134.97
ORD02243,6/8/2023,CUST0179,USB-C Docking Station,Technology,East,1,149.99,0,54.99
ORD01041,6/10/2023,CUST0147,USB-C Docking Station,Technology,West,2,299.98,0,109.98
ORD01072,6/10/2023,CUST0341,Ergonomic Office Chair,Furniture,East,2,399.98,0,123.98
ORD01362,6/10/2023,CUST0034,USB-C Docking Station,Technology,West,1,149.99,0,54.99
ORD01910,6/10/2023,CUST0172,HDMI Cable 4K (6ft),Electronics,North,2,26.98,0.1,17.38
ORD02533,6/10/2023,CUST0340,A4 Printer Paper (Ream),Office Supplies,East,2,25.98,0,12.38
ORD00249,6/11/2023,CUST0081,Standing Desk Converter,Furniture,South,1,199.99,0.2,24.99
ORD00449,6/11/2023,CUST0210,Adjustable Footrest,Furniture,West,3,104.97,0,50.97
ORD01750,6/11/2023,CUST0148,Mechanical Keyboard,Technology,West,3,203.97,0.15,65.97
ORD00540,2/24/2024,CUST0007,A4 Printer Paper (Ream),Office Supplies,North,5,64.95,0,30.95
ORD01787,6/11/2023,CUST0074,Mechanical Keyboard,Technology,West,3,203.97,0.15,65.97
ORD02044,6/11/2023,CUST0028,Whiteboard Markers,Office Supplies,West,2,22.98,0,13.98
ORD02460,6/11/2023,CUST0107,Lumbar Support Cushion,Furniture,East,4,113.96,0.05,57.96
ORD00505,6/12/2023,CUST0098,Heavy-Duty Stapler,Office Supplies,North,2,39.98,0,22.98
ORD00791,6/12/2023,CUST0362,Bookshelf 4-Tier,Furniture,North,3,359.97,0,113.97
ORD02077,6/12/2023,CUST0006,Heavy-Duty Stapler,Office Supplies,North,2,39.98,0,22.98
ORD02690,6/12/2023,CUST0266,Laptop Stand,Technology,North,2,79.98,0,35.98
ORD00288,6/13/2023,CUST0070,Spiral Notebooks (3-Pack),Office Supplies,West,3,40.47,0.1,23.07
ORD01953,6/13/2023,CUST0098,Ballpoint Pens (Pack of 12),Office Supplies,West,1,8.99,0,5.79
ORD00209,6/14/2023,CUST0034,Surge Protector Power Strip,Electronics,West,1,20.79,0.2,8.29
ORD00552,6/14/2023,CUST0369,A4 Printer Paper (Ream),Office Supplies,West,3,38.97,0,18.57
ORD00602,6/14/2023,CUST0011,Permanent Sticky Notes,Office Supplies,North,1,5.59,0.2,3.39
ORD01814,6/14/2023,CUST0228,Surge Protector Power Strip,Electronics,South,1,25.99,0,13.49
ORD01833,6/14/2023,CUST0022,Permanent Sticky Notes,Office Supplies,East,3,17.82,0.15,11.22
ORD02308,6/14/2023,CUST0129,Bluetooth Speaker,Electronics,West,1,49.99,0,21.99
ORD02804,6/14/2023,CUST0108,HD Webcam 1080p,Technology,East,1,47.99,0.2,15.99
ORD00207,6/15/2023,CUST0258,Surge Protector Power Strip,Electronics,West,1,24.69,0.05,12.19
ORD00618,6/15/2023,CUST0007,Document Folder Set,Office Supplies,South,2,30.58,0.1,16.58
ORD01040,6/15/2023,CUST0154,Adjustable Footrest,Furniture,North,2,69.98,0,33.98
ORD02695,6/15/2023,CUST0324,Spiral Notebooks (3-Pack),Office Supplies,North,3,44.97,0,27.57
ORD00283,6/16/2023,CUST0209,Spiral Notebooks (3-Pack),Office Supplies,North,3,38.22,0.15,20.82
ORD02559,6/16/2023,CUST0011,Wireless Charging Pad,Electronics,East,1,29.99,0,15.49
ORD02752,6/17/2023,CUST0014,Ballpoint Pens (Pack of 12),Office Supplies,South,1,8.99,0,5.79
ORD02762,6/17/2023,CUST0173,Laptop Stand,Technology,West,1,33.99,0.15,11.99
ORD01982,6/18/2023,CUST0067,Laptop Stand,Technology,West,3,119.97,0,53.97
ORD02134,6/18/2023,CUST0348,Filing Cabinet,Furniture,West,1,159.99,0,47.99
ORD02312,6/18/2023,CUST0181,External SSD 1TB,Technology,North,1,101.99,0.15,26.99
ORD02507,6/18/2023,CUST0162,Standing Desk Converter,Furniture,East,6,1499.94,0,449.94
ORD00378,6/19/2023,CUST0151,Document Folder Set,Office Supplies,North,1,16.99,0,9.99
ORD00525,6/20/2023,CUST0008,Heavy-Duty Stapler,Office Supplies,West,5,99.95,0,57.45
ORD00956,6/20/2023,CUST0151,Filing Cabinet,Furniture,North,3,335.98,0.3,-0.02
ORD01320,6/20/2023,CUST0144,A4 Printer Paper (Ream),Office Supplies,South,7,90.93,0,43.33
ORD01600,6/20/2023,CUST0117,Heavy-Duty Stapler,Office Supplies,West,3,59.97,0,34.47
ORD01636,6/20/2023,CUST0342,Wireless Laser Presenter,Electronics,North,2,45.98,0,26.98
ORD02079,6/20/2023,CUST0110,Laptop Stand,Technology,East,2,67.98,0.15,23.98
ORD02853,6/20/2023,CUST0193,Portable Power Bank 20000mAh,Electronics,North,3,119.97,0,55.47
ORD00372,6/21/2023,CUST0005,Noise-Canceling Headset,Technology,North,1,129.99,0,51.99
ORD00915,6/21/2023,CUST0120,Wireless Laser Presenter,Electronics,West,1,20.69,0.1,11.19
ORD01431,6/21/2023,CUST0304,Wireless Charging Pad,Electronics,East,1,25.49,0.15,10.99
ORD02401,6/21/2023,CUST0236,Permanent Sticky Notes,Office Supplies,East,3,20.97,0,14.37
ORD02671,6/21/2023,CUST0012,Dual Monitor Arm,Technology,East,2,143.98,0.2,39.98
ORD01862,6/22/2023,CUST0001,Bluetooth Speaker,Electronics,North,2,99.98,0,43.98
ORD02315,6/22/2023,CUST0288,Standing Desk Converter,Furniture,West,1,249.99,0,74.99
ORD01614,6/23/2023,CUST0021,Portable Power Bank 20000mAh,Electronics,North,1,35.99,0.1,14.49
ORD00265,6/24/2023,CUST0112,Document Folder Set,Office Supplies,West,1,15.29,0.1,8.29
ORD01730,6/24/2023,CUST0361,Permanent Sticky Notes,Office Supplies,West,1,6.99,0,4.79
ORD02122,6/24/2023,CUST0309,HDMI Cable 4K (6ft),Electronics,North,2,26.98,0.1,17.38
ORD02823,6/24/2023,CUST0149,Lumbar Support Cushion,Furniture,North,1,29.99,0,15.99
ORD00929,6/25/2023,CUST0312,Spiral Notebooks (3-Pack),Office Supplies,North,1,14.24,0.05,8.44
ORD02320,6/25/2023,CUST0132,Lumbar Support Cushion,Furniture,East,3,80.97,0.1,38.97
ORD02833,6/25/2023,CUST0009,Bluetooth Speaker,Electronics,North,1,47.49,0.05,19.49
ORD00235,6/26/2023,CUST0310,Ergonomic Office Chair,Furniture,West,8,1119.94,0.3,15.94
ORD01669,6/26/2023,CUST0041,External SSD 1TB,Technology,West,2,215.98,0.1,65.98
ORD01834,6/26/2023,CUST0275,Wireless Charging Pad,Electronics,South,2,50.98,0.15,21.98
ORD00987,6/27/2023,CUST0186,Wireless Charging Pad,Electronics,North,2,59.98,0,30.98
ORD01199,6/27/2023,CUST0141,Surge Protector Power Strip,Electronics,North,1,23.39,0.1,10.89
ORD01412,6/27/2023,CUST0069,Standing Desk Converter,Furniture,South,1,212.49,0.15,37.49
ORD02066,6/27/2023,CUST0323,Laptop Stand,Technology,North,1,37.99,0.05,15.99
ORD02395,6/27/2023,CUST0002,Noise-Canceling Headset,Technology,East,3,292.48,0.25,58.48
ORD02793,6/27/2023,CUST0238,Bookshelf 4-Tier,Furniture,East,6,719.94,0,227.94
ORD01134,6/28/2023,CUST0023,External SSD 1TB,Technology,South,2,239.98,0,89.98
ORD01509,6/28/2023,CUST0207,Filing Cabinet,Furniture,West,1,159.99,0,47.99
ORD01511,6/28/2023,CUST0046,Whiteboard Markers,Office Supplies,North,3,32.75,0.05,19.25
ORD01996,6/28/2023,CUST0001,External SSD 1TB,Technology,South,5,539.95,0.1,164.95
ORD02329,6/28/2023,CUST0004,Ballpoint Pens (Pack of 12),Office Supplies,East,8,61.13,0.15,35.53
ORD02447,6/28/2023,CUST0226,Standing Desk Converter,Furniture,East,8,1799.93,0.1,399.93
ORD00113,6/29/2023,CUST0091,Ballpoint Pens (Pack of 12),Office Supplies,North,2,16.18,0.1,9.78
ORD00307,6/29/2023,CUST0156,Filing Cabinet,Furniture,North,1,143.99,0.1,31.99
ORD00622,6/29/2023,CUST0163,Standing Desk Converter,Furniture,West,6,1424.94,0.05,374.94
ORD00974,6/29/2023,CUST0023,USB-C Docking Station,Technology,North,2,284.98,0.05,94.98
ORD01276,6/29/2023,CUST0113,Portable Power Bank 20000mAh,Electronics,West,2,75.98,0.05,32.98
ORD01917,6/29/2023,CUST0038,Mechanical Keyboard,Technology,North,5,399.95,0,169.95
ORD02274,6/29/2023,CUST0229,Dual Monitor Arm,Technology,South,4,341.96,0.05,133.96
ORD00443,6/30/2023,CUST0027,Adjustable Footrest,Furniture,East,6,209.94,0,101.94
ORD00840,6/30/2023,CUST0124,Wireless Laser Presenter,Electronics,North,3,55.18,0.2,26.68
ORD02028,6/30/2023,CUST0232,External SSD 1TB,Technology,North,5,569.95,0.05,194.95
ORD02080,6/30/2023,CUST0038,Filing Cabinet,Furniture,West,1,135.99,0.15,23.99
ORD02673,6/30/2023,CUST0078,HDMI Cable 4K (6ft),Electronics,North,5,67.45,0.1,43.45
ORD02777,6/30/2023,CUST0061,Lumbar Support Cushion,Furniture,South,5,149.95,0,79.95
ORD00504,7/1/2023,CUST0044,USB-C Docking Station,Technology,South,4,599.96,0,219.96
ORD00544,7/1/2023,CUST0188,Noise-Canceling Headset,Technology,North,2,233.98,0.1,77.98
ORD01334,7/1/2023,CUST0259,A4 Printer Paper (Ream),Office Supplies,North,1,12.99,0,6.19
ORD02502,7/1/2023,CUST0036,Bluetooth Speaker,Electronics,South,8,379.92,0.05,155.92
ORD01972,7/2/2023,CUST0047,Bluetooth Speaker,Electronics,East,1,42.49,0.15,14.49
ORD02224,7/2/2023,CUST0002,Lumbar Support Cushion,Furniture,North,4,119.96,0,63.96
ORD00326,7/3/2023,CUST0008,External SSD 1TB,Technology,North,3,359.97,0,134.97
ORD00783,7/3/2023,CUST0195,Wireless Laser Presenter,Electronics,West,3,62.07,0.1,33.57
ORD01148,7/3/2023,CUST0081,Laptop Stand,Technology,South,1,33.99,0.15,11.99
ORD01247,7/3/2023,CUST0283,Ballpoint Pens (Pack of 12),Office Supplies,West,3,22.92,0.15,13.32
ORD01682,7/3/2023,CUST0367,Whiteboard Markers,Office Supplies,West,1,11.49,0,6.99
ORD02336,7/3/2023,CUST0026,Whiteboard Markers,Office Supplies,South,1,9.77,0.15,5.27
ORD00297,7/4/2023,CUST0230,Spiral Notebooks (3-Pack),Office Supplies,East,2,20.99,0.3,9.39
ORD01788,7/5/2023,CUST0058,Surge Protector Power Strip,Electronics,North,1,25.99,0,13.49
ORD01857,7/5/2023,CUST0002,Wireless Laser Presenter,Electronics,North,1,17.24,0.25,7.74
ORD02542,7/6/2023,CUST0001,Wireless Charging Pad,Electronics,West,7,199.43,0.05,97.93
ORD02717,7/6/2023,CUST0026,External SSD 1TB,Technology,North,1,101.99,0.15,26.99
ORD00499,7/7/2023,CUST0343,Wireless Laser Presenter,Electronics,North,2,39.08,0.15,20.08
ORD01485,7/7/2023,CUST0061,HDMI Cable 4K (6ft),Electronics,North,2,26.98,0.1,17.38
ORD02275,7/7/2023,CUST0080,HD Webcam 1080p,Technology,West,2,113.98,0.05,49.98
ORD02989,7/7/2023,CUST0066,Portable Power Bank 20000mAh,Electronics,South,2,67.98,0.15,24.98
ORD00829,7/8/2023,CUST0030,Ergonomic Office Chair,Furniture,East,6,1199.94,0,371.94
ORD01132,7/8/2023,CUST0264,Laptop Stand,Technology,North,1,39.99,0,17.99
ORD01496,7/8/2023,CUST0260,Portable Power Bank 20000mAh,Electronics,South,3,119.97,0,55.47
ORD01541,7/8/2023,CUST0172,Spiral Notebooks (3-Pack),Office Supplies,South,2,29.98,0,18.38
ORD01312,7/9/2023,CUST0030,Bookshelf 4-Tier,Furniture,South,1,119.99,0,37.99
ORD02035,7/9/2023,CUST0136,Laptop Stand,Technology,North,1,39.99,0,17.99
ORD00037,7/10/2023,CUST0004,Noise-Canceling Headset,Technology,North,1,103.99,0.2,25.99
ORD00337,7/10/2023,CUST0182,Heavy-Duty Stapler,Office Supplies,West,1,19.99,0,11.49
ORD02680,7/10/2023,CUST0045,A4 Printer Paper (Ream),Office Supplies,North,1,12.99,0,6.19
ORD00225,7/11/2023,CUST0101,Lumbar Support Cushion,Furniture,East,4,107.96,0.1,51.96
ORD01025,7/11/2023,CUST0022,Mechanical Keyboard,Technology,North,3,239.97,0,101.97
ORD01464,7/11/2023,CUST0049,Ergonomic Office Chair,Furniture,East,2,399.98,0,123.98
ORD02197,7/11/2023,CUST0008,Lumbar Support Cushion,Furniture,South,3,89.97,0,47.97
ORD02348,7/11/2023,CUST0115,Filing Cabinet,Furniture,North,7,1119.93,0,335.93
ORD02476,7/11/2023,CUST0367,Dual Monitor Arm,Technology,South,2,179.98,0,75.98
ORD02816,7/11/2023,CUST0088,Document Folder Set,Office Supplies,North,2,30.58,0.1,16.58
ORD02956,7/11/2023,CUST0012,Surge Protector Power Strip,Electronics,North,1,22.09,0.15,9.59
ORD00918,7/12/2023,CUST0245,Spiral Notebooks (3-Pack),Office Supplies,West,2,28.48,0.05,16.88
ORD01029,7/12/2023,CUST0284,HD Webcam 1080p,Technology,North,1,50.99,0.15,18.99
ORD01367,7/12/2023,CUST0123,Heavy-Duty Stapler,Office Supplies,North,1,18.99,0.05,10.49
ORD01655,7/12/2023,CUST0034,Dual Monitor Arm,Technology,North,2,179.98,0,75.98
ORD01870,7/12/2023,CUST0245,Laptop Stand,Technology,West,6,203.95,0.15,71.95
ORD02177,7/12/2023,CUST0100,USB-C Docking Station,Technology,North,3,449.97,0,164.97
ORD00994,7/13/2023,CUST0074,Standing Desk Converter,Furniture,North,8,1999.92,0,599.92
ORD01333,7/13/2023,CUST0131,Surge Protector Power Strip,Electronics,East,1,25.99,0,13.49
ORD01458,7/13/2023,CUST0069,Permanent Sticky Notes,Office Supplies,East,2,13.98,0,9.58
ORD01774,7/13/2023,CUST0232,External SSD 1TB,Technology,North,2,179.98,0.25,29.98
ORD02038,7/13/2023,CUST0174,Standing Desk Converter,Furniture,North,2,449.98,0.1,99.98
ORD02057,7/13/2023,CUST0255,USB-C Docking Station,Technology,South,10,1424.9,0.05,474.9
ORD02459,7/13/2023,CUST0062,Mechanical Keyboard,Technology,South,4,287.96,0.1,103.96
ORD02648,7/13/2023,CUST0202,Ballpoint Pens (Pack of 12),Office Supplies,North,3,26.97,0,17.37
ORD00253,7/14/2023,CUST0227,Desk Organizer Mesh,Furniture,South,5,118.7,0.05,61.2
ORD00314,7/14/2023,CUST0353,Noise-Canceling Headset,Technology,South,1,116.99,0.1,38.99
ORD00461,7/14/2023,CUST0071,Spiral Notebooks (3-Pack),Office Supplies,East,3,44.97,0,27.57
ORD00634,7/14/2023,CUST0102,HD Webcam 1080p,Technology,North,1,59.99,0,27.99
ORD01885,7/14/2023,CUST0258,Desk Organizer Mesh,Furniture,North,3,74.97,0,40.47
ORD01947,7/14/2023,CUST0025,HD Webcam 1080p,Technology,South,2,113.98,0.05,49.98
ORD02836,7/14/2023,CUST0294,Wireless Charging Pad,Electronics,East,3,85.47,0.05,41.97
ORD00541,7/15/2023,CUST0201,USB-C Docking Station,Technology,North,3,404.97,0.1,119.97
ORD01316,7/15/2023,CUST0019,Ergonomic Office Chair,Furniture,North,2,399.98,0,123.98
ORD01639,7/15/2023,CUST0063,HD Webcam 1080p,Technology,West,1,59.99,0,27.99
ORD00097,7/16/2023,CUST0023,Adjustable Footrest,Furniture,East,4,132.96,0.05,60.96
ORD00201,7/16/2023,CUST0025,Laptop Stand,Technology,South,4,151.96,0.05,63.96
ORD01219,7/16/2023,CUST0031,HDMI Cable 4K (6ft),Electronics,South,6,89.94,0,61.14
ORD02778,7/16/2023,CUST0317,Heavy-Duty Stapler,Office Supplies,East,4,79.96,0,45.96
ORD01122,7/17/2023,CUST0008,HD Webcam 1080p,Technology,North,4,239.96,0,111.96
ORD00558,7/18/2023,CUST0039,HD Webcam 1080p,Technology,North,7,377.94,0.1,153.94
ORD00766,7/18/2023,CUST0048,Adjustable Footrest,Furniture,South,2,69.98,0,33.98
ORD02353,7/18/2023,CUST0042,Spiral Notebooks (3-Pack),Office Supplies,West,4,59.96,0,36.76
ORD00623,7/19/2023,CUST0002,Permanent Sticky Notes,Office Supplies,East,3,18.87,0.1,12.27
ORD00900,7/19/2023,CUST0099,Permanent Sticky Notes,Office Supplies,West,6,41.94,0,28.74
ORD01640,7/19/2023,CUST0001,Ergonomic Office Chair,Furniture,West,6,1139.94,0.05,311.94
ORD01807,7/19/2023,CUST0011,Document Folder Set,Office Supplies,North,3,50.97,0,29.97
ORD01252,7/20/2023,CUST0211,HD Webcam 1080p,Technology,West,1,50.99,0.15,18.99
ORD01406,7/20/2023,CUST0283,Wireless Charging Pad,Electronics,West,6,179.94,0,92.94
ORD01512,7/20/2023,CUST0030,Bookshelf 4-Tier,Furniture,North,3,359.97,0,113.97
ORD01527,7/20/2023,CUST0116,Wireless Laser Presenter,Electronics,East,1,21.84,0.05,12.34
ORD01589,7/20/2023,CUST0033,Noise-Canceling Headset,Technology,North,2,259.98,0,103.98
ORD01795,7/20/2023,CUST0010,Document Folder Set,Office Supplies,West,1,16.99,0,9.99
ORD02076,7/20/2023,CUST0276,Wireless Charging Pad,Electronics,North,1,26.99,0.1,12.49
ORD02081,7/20/2023,CUST0145,Noise-Canceling Headset,Technology,North,4,519.96,0,207.96
ORD02210,7/20/2023,CUST0264,Dual Monitor Arm,Technology,South,3,269.97,0,113.97
ORD02340,7/20/2023,CUST0100,Document Folder Set,Office Supplies,East,1,16.14,0.05,9.14
ORD00924,7/21/2023,CUST0008,Permanent Sticky Notes,Office Supplies,East,2,11.18,0.2,6.78
ORD02433,7/21/2023,CUST0001,A4 Printer Paper (Ream),Office Supplies,South,5,58.46,0.1,24.46
ORD02806,7/21/2023,CUST0218,A4 Printer Paper (Ream),Office Supplies,East,1,12.99,0,6.19
ORD00108,7/22/2023,CUST0076,Spiral Notebooks (3-Pack),Office Supplies,North,1,14.99,0,9.19
ORD00363,7/22/2023,CUST0084,Ergonomic Office Chair,Furniture,East,1,169.99,0.15,31.99
ORD02954,7/22/2023,CUST0240,Wireless Charging Pad,Electronics,East,2,59.98,0,30.98
ORD00003,7/23/2023,CUST0201,Whiteboard Markers,Office Supplies,North,2,19.53,0.15,10.53
ORD00085,7/23/2023,CUST0005,Spiral Notebooks (3-Pack),Office Supplies,North,3,44.97,0,27.57
ORD02402,7/23/2023,CUST0094,Spiral Notebooks (3-Pack),Office Supplies,East,1,12.74,0.15,6.94
ORD02723,7/23/2023,CUST0002,Ballpoint Pens (Pack of 12),Office Supplies,East,3,20.23,0.25,10.63
ORD00053,7/24/2023,CUST0258,Bookshelf 4-Tier,Furniture,West,5,599.95,0,189.95
ORD01929,7/24/2023,CUST0314,Ergonomic Office Chair,Furniture,East,1,199.99,0,61.99
ORD02198,7/24/2023,CUST0157,Permanent Sticky Notes,Office Supplies,East,2,13.98,0,9.58
ORD01522,7/25/2023,CUST0049,A4 Printer Paper (Ream),Office Supplies,North,4,51.96,0,24.76
ORD01773,7/25/2023,CUST0231,Ballpoint Pens (Pack of 12),Office Supplies,West,3,25.62,0.05,16.02
ORD01032,7/26/2023,CUST0039,HDMI Cable 4K (6ft),Electronics,North,1,13.49,0.1,8.69
ORD01889,7/26/2023,CUST0345,Whiteboard Markers,Office Supplies,North,2,22.98,0,13.98
ORD02710,7/26/2023,CUST0131,Whiteboard Markers,Office Supplies,West,3,32.75,0.05,19.25
ORD00750,7/27/2023,CUST0001,Heavy-Duty Stapler,Office Supplies,South,5,94.95,0.05,52.45
ORD01811,7/27/2023,CUST0035,HDMI Cable 4K (6ft),Electronics,South,6,62.96,0.3,34.16
ORD01092,7/28/2023,CUST0238,Mechanical Keyboard,Technology,West,4,303.96,0.05,119.96
ORD02844,7/28/2023,CUST0077,Bluetooth Speaker,Electronics,North,1,49.99,0,21.99
ORD02863,7/28/2023,CUST0002,Mechanical Keyboard,Technology,East,1,79.99,0,33.99
ORD00315,7/29/2023,CUST0067,Dual Monitor Arm,Technology,West,2,170.98,0.05,66.98
ORD01623,7/29/2023,CUST0250,Wireless Charging Pad,Electronics,East,1,28.49,0.05,13.99
ORD01995,7/29/2023,CUST0009,Spiral Notebooks (3-Pack),Office Supplies,West,5,56.21,0.25,27.21
ORD02475,7/29/2023,CUST0200,External SSD 1TB,Technology,South,2,239.98,0,89.98
ORD01058,7/30/2023,CUST0303,Permanent Sticky Notes,Office Supplies,East,3,16.78,0.2,10.18
ORD01196,7/30/2023,CUST0118,Wireless Laser Presenter,Electronics,West,4,82.76,0.1,44.76
ORD01450,7/30/2023,CUST0190,USB-C Docking Station,Technology,North,1,149.99,0,54.99
ORD01986,7/30/2023,CUST0020,Spiral Notebooks (3-Pack),Office Supplies,South,3,44.97,0,27.57
ORD02008,7/30/2023,CUST0263,Lumbar Support Cushion,Furniture,South,1,28.49,0.05,14.49
ORD02912,9/20/2024,CUST0106,Document Folder Set,Office Supplies,South,7,118.93,0,69.93
ORD02069,7/30/2023,CUST0299,Lumbar Support Cushion,Furniture,West,1,29.99,0,15.99
ORD00303,7/31/2023,CUST0004,Whiteboard Markers,Office Supplies,East,3,34.47,0,20.97
ORD00728,7/31/2023,CUST0169,Spiral Notebooks (3-Pack),Office Supplies,West,5,74.95,0,45.95
ORD02883,7/31/2023,CUST0076,A4 Printer Paper (Ream),Office Supplies,East,2,24.68,0.05,11.08
ORD00105,8/1/2023,CUST0156,Laptop Stand,Technology,North,1,39.99,0,17.99
ORD00427,8/1/2023,CUST0085,Lumbar Support Cushion,office supplies,North,1,26.99,0.1,12.99
ORD00518,8/1/2023,CUST0186,Standing Desk Converter,Furniture,North,3,599.98,0.2,74.98
ORD00753,8/1/2023,CUST0003,HD Webcam 1080p,Technology,South,1,59.99,0,27.99
ORD01420,8/1/2023,CUST0065,Ergonomic Office Chair,Furniture,South,2,359.98,0.1,83.98
ORD01739,8/1/2023,CUST0025,Permanent Sticky Notes,Office Supplies,South,1,5.59,0.2,3.39
ORD02715,8/1/2023,CUST0338,Spiral Notebooks (3-Pack),Office Supplies,East,1,13.49,0.1,7.69
ORD00674,8/2/2023,CUST0092,Ballpoint Pens (Pack of 12),Office Supplies,West,1,8.09,0.1,4.89
ORD01754,8/2/2023,CUST0173,Noise-Canceling Headset,Technology,South,1,110.49,0.15,32.49
ORD01776,8/2/2023,CUST0020,Dual Monitor Arm,Technology,North,6,458.95,0.15,146.95
ORD01778,8/2/2023,CUST0062,Filing Cabinet,Furniture,North,4,607.96,0.05,159.96
ORD01905,8/2/2023,CUST0339,Filing Cabinet,Furniture,South,2,239.99,0.25,15.99
ORD01981,8/2/2023,CUST0025,Bookshelf 4-Tier,Furniture,East,2,239.98,0,75.98
ORD02662,8/2/2023,CUST0315,External SSD 1TB,Technology,South,2,227.98,0.05,77.98
ORD02958,8/2/2023,CUST0226,Laptop Stand,Technology,North,2,79.98,0,35.98
ORD00009,8/3/2023,CUST0177,Spiral Notebooks (3-Pack),Office Supplies,East,3,44.97,0,27.57
ORD01105,8/3/2023,CUST0001,Wireless Laser Presenter,Electronics,South,5,109.2,0.05,61.7
ORD02204,8/3/2023,CUST0006,Portable Power Bank 20000mAh,Electronics,North,4,135.97,0.15,49.97
ORD00247,8/4/2023,CUST0229,Adjustable Footrest,Furniture,North,5,166.2,0.05,76.2
ORD00601,8/4/2023,CUST0140,Whiteboard Markers,Office Supplies,North,1,10.92,0.05,6.42
ORD01421,8/4/2023,CUST0186,Bookshelf 4-Tier,Furniture,East,2,239.98,0,75.98
ORD02105,8/4/2023,CUST0001,Noise-Canceling Headset,Technology,North,3,331.47,0.15,97.47
ORD02400,8/4/2023,CUST0293,Document Folder Set,Office Supplies,North,4,61.16,0.1,33.16
ORD00481,8/5/2023,CUST0320,Filing Cabinet,Furniture,East,5,679.96,0.15,119.96
ORD00579,8/5/2023,CUST0072,Permanent Sticky Notes,Office Supplies,North,1,6.29,0.1,4.09
ORD01676,8/5/2023,CUST0041,USB-C Docking Station,Technology,East,2,299.98,0,109.98
ORD02214,8/5/2023,CUST0004,Filing Cabinet,Furniture,North,4,639.96,0,191.96
ORD02707,8/5/2023,CUST0140,Filing Cabinet,Furniture,South,1,151.99,0.05,39.99
ORD01386,8/6/2023,CUST0194,Bookshelf 4-Tier,Furniture,South,2,179.98,0.25,15.98
ORD02417,8/6/2023,CUST0276,Laptop Stand,Technology,West,4,159.96,0,71.96
ORD02839,8/6/2023,CUST0003,Filing Cabinet,Furniture,East,2,303.98,0.05,79.98
ORD01748,8/7/2023,CUST0042,Lumbar Support Cushion,Furniture,East,1,29.99,0,15.99
ORD00027,8/8/2023,CUST0118,Permanent Sticky Notes,Office Supplies,East,1,6.64,0.05,4.44
ORD00435,8/8/2023,CUST0316,USB-C Docking Station,Technology,West,1,134.99,0.1,39.99
ORD02357,8/8/2023,CUST0259,Lumbar Support Cushion,Furniture,West,1,25.49,0.15,11.49
ORD00165,8/9/2023,CUST0078,HDMI Cable 4K (6ft),Electronics,South,2,29.98,0,20.38
ORD00403,8/9/2023,CUST0002,Noise-Canceling Headset,Technology,South,1,116.99,0.1,38.99
ORD01604,8/9/2023,CUST0123,Laptop Stand,Technology,North,1,29.99,0.25,7.99
ORD02217,8/9/2023,CUST0347,Desk Organizer Mesh,Furniture,West,2,49.98,0,26.98
ORD02267,8/9/2023,CUST0147,Heavy-Duty Stapler,Office Supplies,North,1,19.99,0,11.49
ORD02849,8/9/2023,CUST0332,Ballpoint Pens (Pack of 12),Office Supplies,South,1,8.54,0.05,5.34
ORD00156,8/10/2023,CUST0256,Noise-Canceling Headset,Technology,North,6,779.94,0,311.94
ORD01398,8/10/2023,CUST0053,Wireless Laser Presenter,Electronics,East,1,19.54,0.15,10.04
ORD02257,8/10/2023,CUST0011,A4 Printer Paper (Ream),Office Supplies,North,2,25.98,0,12.38
ORD02935,8/10/2023,CUST0151,Noise-Canceling Headset,Technology,West,3,389.97,0,155.97
ORD00396,8/11/2023,CUST0006,Noise-Canceling Headset,Technology,North,3,389.97,0,155.97
ORD00827,8/11/2023,CUST0345,Spiral Notebooks (3-Pack),Office Supplies,West,1,13.49,0.1,7.69
ORD01292,8/11/2023,CUST0326,Wireless Laser Presenter,Electronics,East,5,86.21,0.25,38.71
ORD01425,8/11/2023,CUST0002,Laptop Stand,Technology,East,6,239.94,0,107.94
ORD01478,8/11/2023,CUST0037,Heavy-Duty Stapler,Office Supplies,East,1,19.99,0,11.49
ORD02864,8/11/2023,CUST0075,Bluetooth Speaker,Electronics,East,1,44.99,0.1,16.99
ORD00375,8/12/2023,CUST0373,Noise-Canceling Headset,Technology,East,1,103.99,0.2,25.99
ORD01864,8/12/2023,CUST0363,HD Webcam 1080p,Technology,West,2,113.98,0.05,49.98
ORD01942,8/12/2023,CUST0076,Wireless Laser Presenter,Electronics,North,1,18.39,0.2,8.89
ORD02609,8/12/2023,CUST0014,Ergonomic Office Chair,Furniture,North,1,199.99,0,61.99
ORD00442,8/13/2023,CUST0133,HDMI Cable 4K (6ft),Electronics,South,4,50.97,0.15,31.77
ORD02106,8/13/2023,CUST0091,Wireless Laser Presenter,Electronics,East,1,21.84,0.05,12.34
ORD00076,8/14/2023,CUST0098,USB-C Docking Station,Technology,North,1,134.99,0.1,39.99
ORD00898,8/14/2023,CUST0083,Laptop Stand,Technology,East,1,37.99,0.05,15.99
ORD01183,8/14/2023,CUST0351,Noise-Canceling Headset,Technology,West,1,129.99,0,51.99
ORD00585,8/15/2023,CUST0199,Ballpoint Pens (Pack of 12),Office Supplies,West,1,8.09,0.1,4.89
ORD01197,8/16/2023,CUST0148,Bookshelf 4-Tier,Furniture,North,3,359.97,0,113.97
ORD02579,8/16/2023,CUST0185,Dual Monitor Arm,Technology,North,5,382.46,0.15,122.46
ORD02976,8/16/2023,CUST0052,Ergonomic Office Chair,Furniture,South,1,199.99,0,61.99
ORD00300,8/17/2023,CUST0269,Ballpoint Pens (Pack of 12),Office Supplies,South,3,26.97,0,17.37
ORD02287,8/17/2023,CUST0039,USB-C Docking Station,Technology,South,2,224.99,0.25,34.99
ORD02725,8/17/2023,CUST0046,Dual Monitor Arm,Technology,East,3,269.97,0,113.97
ORD00081,8/18/2023,CUST0167,Spiral Notebooks (3-Pack),Office Supplies,North,1,14.99,0,9.19
ORD00554,8/18/2023,CUST0215,A4 Printer Paper (Ream),Office Supplies,East,4,46.76,0.1,19.56
ORD01443,8/18/2023,CUST0003,Laptop Stand,Technology,West,5,179.96,0.1,69.96
ORD01561,8/18/2023,CUST0129,Wireless Laser Presenter,Electronics,East,2,41.38,0.1,22.38
ORD01580,8/18/2023,CUST0301,Bookshelf 4-Tier,Furniture,West,4,383.97,0.2,55.97
ORD01899,8/18/2023,CUST0226,Mechanical Keyboard,Technology,North,3,191.98,0.2,53.98
ORD02465,8/18/2023,CUST0049,Ergonomic Office Chair,Furniture,West,2,339.98,0.15,63.98
ORD02792,8/18/2023,CUST0195,Noise-Canceling Headset,Technology,East,1,129.99,0,51.99
ORD01978,8/19/2023,CUST0094,Noise-Canceling Headset,Technology,North,1,103.99,0.2,25.99
ORD00958,8/20/2023,CUST0155,Wireless Laser Presenter,Electronics,West,1,22.99,0,13.49
ORD01113,8/20/2023,CUST0365,Ergonomic Office Chair,Furniture,West,1,199.99,0,61.99
ORD01275,8/20/2023,CUST0034,External SSD 1TB,Technology,South,1,95.99,0.2,20.99
ORD01444,8/20/2023,CUST0015,Noise-Canceling Headset,Technology,South,6,545.96,0.3,77.96
ORD02483,8/20/2023,CUST0272,Whiteboard Markers,Office Supplies,East,7,76.41,0.05,44.91
ORD01341,8/21/2023,CUST0077,HD Webcam 1080p,Technology,South,6,323.95,0.1,131.95
ORD02010,8/21/2023,CUST0184,Whiteboard Markers,Office Supplies,North,3,29.3,0.15,15.8
ORD01763,8/22/2023,CUST0088,Adjustable Footrest,Furniture,West,1,31.49,0.1,13.49
ORD01835,8/22/2023,CUST0045,Adjustable Footrest,Furniture,North,2,62.98,0.1,26.98
ORD01882,8/22/2023,CUST0059,Bluetooth Speaker,Electronics,North,2,89.98,0.1,33.98
ORD01941,8/22/2023,CUST0014,Permanent Sticky Notes,Office Supplies,South,2,12.58,0.1,8.18
ORD02290,8/22/2023,CUST0110,HD Webcam 1080p,Technology,East,6,323.95,0.1,131.95
ORD02499,8/23/2023,CUST0328,HD Webcam 1080p,Technology,South,5,299.95,0,139.95
ORD02631,8/23/2023,CUST0011,Bluetooth Speaker,Electronics,North,1,47.49,0.05,19.49
ORD02701,8/23/2023,CUST0283,Bluetooth Speaker,Electronics,East,1,49.99,0,21.99
ORD02703,8/23/2023,CUST0131,Spiral Notebooks (3-Pack),Office Supplies,South,1,13.49,0.1,7.69
ORD01566,8/24/2023,CUST0130,Surge Protector Power Strip,Electronics,West,1,20.79,0.2,8.29
ORD01809,8/24/2023,CUST0189,Surge Protector Power Strip,Electronics,South,1,25.99,0,13.49
ORD02220,8/24/2023,CUST0212,Document Folder Set,Office Supplies,North,2,27.18,0.2,13.18
ORD02535,8/24/2023,CUST0016,Laptop Stand,Technology,East,2,79.98,0,35.98
ORD01309,8/25/2023,CUST0024,Ergonomic Office Chair,Furniture,East,3,599.97,0,185.97
ORD02201,8/25/2023,CUST0071,USB-C Docking Station,Technology,South,10,1499.9,0,549.9
ORD02759,8/25/2023,CUST0211,Ballpoint Pens (Pack of 12),Office Supplies,West,1,8.99,0,5.79
ORD02951,8/25/2023,CUST0080,Heavy-Duty Stapler,Office Supplies,West,1,19.99,0,11.49
ORD00887,8/26/2023,CUST0269,Ballpoint Pens (Pack of 12),Office Supplies,South,1,8.09,0.1,4.89
ORD01632,8/26/2023,CUST0373,Noise-Canceling Headset,Technology,East,1,123.49,0.05,45.49
ORD02169,8/26/2023,CUST0003,Lumbar Support Cushion,Furniture,East,2,47.98,0.2,19.98
ORD00008,8/27/2023,CUST0289,Filing Cabinet,Furniture,East,2,319.98,0,95.98
ORD00612,8/27/2023,CUST0317,Mechanical Keyboard,Technology,West,2,159.98,0,67.98
ORD02511,8/27/2023,CUST0104,Wireless Charging Pad,Electronics,West,8,239.92,0,123.92
ORD02788,8/27/2023,CUST0079,Adjustable Footrest,Furniture,,3,104.97,0,50.97
ORD00714,8/28/2023,CUST0020,Lumbar Support Cushion,Furniture,East,1,26.99,0.1,12.99
ORD01090,8/28/2023,CUST0320,Mechanical Keyboard,Technology,West,3,239.97,0,101.97
ORD01104,8/28/2023,CUST0366,Bluetooth Speaker,Electronics,South,6,269.95,0.1,101.95
ORD01898,8/28/2023,CUST0001,Laptop Stand,Technology,West,4,159.96,0,71.96
ORD02321,8/28/2023,CUST0224,Surge Protector Power Strip,Electronics,West,2,41.58,0.2,16.58
ORD02754,8/28/2023,CUST0001,Dual Monitor Arm,Technology,South,10,899.9,0,379.9
ORD02918,8/28/2023,CUST0023,Filing Cabinet,Furniture,South,4,639.96,0,191.96
ORD00654,8/29/2023,CUST0173,Wireless Laser Presenter,Electronics,East,1,22.99,0,13.49
ORD00952,8/29/2023,CUST0166,Spiral Notebooks (3-Pack),Office Supplies,North,1,14.99,0,9.19
ORD01352,8/29/2023,CUST0057,Noise-Canceling Headset,Technology,North,2,194.99,0.25,38.99
ORD01592,8/29/2023,CUST0161,Adjustable Footrest,Furniture,West,5,148.71,0.15,58.71
ORD02962,8/29/2023,CUST0011,Filing Cabinet,Furniture,East,2,303.98,0.05,79.98
ORD00971,8/30/2023,CUST0008,Heavy-Duty Stapler,Office Supplies,East,4,59.97,0.25,25.97
ORD00980,8/30/2023,CUST0040,Surge Protector Power Strip,Electronics,West,3,62.38,0.2,24.88
ORD02771,8/30/2023,CUST0191,Portable Power Bank 20000mAh,Electronics,South,6,215.95,0.1,86.95
ORD00377,8/31/2023,CUST0022,Spiral Notebooks (3-Pack),Office Supplies,South,3,40.47,0.1,23.07
ORD00979,8/31/2023,CUST0283,Filing Cabinet,Furniture,West,6,959.94,0,287.94
ORD01116,8/31/2023,CUST0340,Permanent Sticky Notes,Office Supplies,South,1,6.99,0,4.79
ORD02063,8/31/2023,CUST0013,Ballpoint Pens (Pack of 12),Office Supplies,West,1,6.74,0.25,3.54
ORD02627,8/31/2023,CUST0094,Spiral Notebooks (3-Pack),Office Supplies,East,1,14.24,0.05,8.44
ORD02837,8/31/2023,CUST0153,Ballpoint Pens (Pack of 12),Office Supplies,West,3,26.97,0,17.37
ORD01530,9/1/2023,CUST0026,A4 Printer Paper (Ream),Office Supplies,South,4,44.17,0.15,16.97
ORD01800,9/1/2023,CUST0014,Desk Organizer Mesh,Furniture,East,5,124.95,0,67.45
ORD02270,9/1/2023,CUST0100,Filing Cabinet,Furniture,West,3,455.97,0.05,119.97
ORD02313,9/1/2023,CUST0263,Wireless Charging Pad,Electronics,North,2,56.98,0.05,27.98
ORD01131,9/2/2023,CUST0095,Document Folder Set,Office Supplies,South,3,50.97,0,29.97
ORD01460,9/2/2023,CUST0004,External SSD 1TB,Technology,West,3,359.97,0,134.97
ORD02176,9/2/2023,CUST0373,Mechanical Keyboard,Technology,West,2,143.98,0.1,51.98
ORD00400,9/3/2023,CUST0100,USB-C Docking Station,Technology,East,1,119.99,0.2,24.99
ORD01284,9/3/2023,CUST0341,Laptop Stand,Technology,North,1,31.99,0.2,9.99
ORD01366,9/3/2023,CUST0036,Heavy-Duty Stapler,Office Supplies,North,1,15.99,0.2,7.49
ORD02666,9/3/2023,CUST0058,Heavy-Duty Stapler,Office Supplies,South,2,29.98,0.25,12.98
ORD02902,9/3/2023,CUST0092,Laptop Stand,Technology,West,2,79.98,0,35.98
ORD00727,9/4/2023,CUST0132,Bookshelf 4-Tier,Furniture,West,1,113.99,0.05,31.99
ORD00872,9/4/2023,CUST0005,Spiral Notebooks (3-Pack),Office Supplies,East,7,104.93,0,64.33
ORD01448,9/4/2023,CUST0134,Ballpoint Pens (Pack of 12),Office Supplies,South,3,26.97,0,17.37
ORD02382,9/4/2023,CUST0208,Desk Organizer Mesh,Furniture,West,3,56.23,0.25,21.73
ORD00216,9/5/2023,CUST0202,Ergonomic Office Chair,Furniture,East,1,199.99,0,61.99
ORD00251,9/5/2023,CUST0090,External SSD 1TB,Technology,North,1,89.99,0.25,14.99
ORD00824,9/5/2023,CUST0211,A4 Printer Paper (Ream),Office Supplies,East,3,27.28,0.3,6.88
ORD01520,9/5/2023,CUST0281,Portable Power Bank 20000mAh,Electronics,South,3,113.97,0.05,49.47
ORD02606,9/5/2023,CUST0378,Spiral Notebooks (3-Pack),Office Supplies,East,3,33.73,0.25,16.33
ORD00275,9/6/2023,CUST0003,Surge Protector Power Strip,Electronics,East,1,25.99,0,13.49
ORD00418,9/6/2023,CUST0089,Whiteboard Markers,Office Supplies,West,4,41.36,0.1,23.36
ORD00715,9/6/2023,CUST0344,Wireless Charging Pad,Electronics,North,3,89.97,0,46.47
ORD01124,9/6/2023,CUST0011,External SSD 1TB,Technology,South,2,179.98,0.25,29.98
ORD01723,9/6/2023,CUST0245,Laptop Stand,Technology,South,3,113.97,0.05,47.97
ORD01756,9/6/2023,CUST0014,Spiral Notebooks (3-Pack),Office Supplies,East,7,78.7,0.25,38.1
ORD02516,9/6/2023,CUST0174,Spiral Notebooks (3-Pack),Office Supplies,East,2,29.98,0,18.38
ORD00155,9/7/2023,CUST0372,A4 Printer Paper (Ream),Office Supplies,North,4,51.96,0,24.76
ORD00361,9/7/2023,CUST0109,Ballpoint Pens (Pack of 12),Office Supplies,East,7,62.93,0,40.53
ORD01693,9/7/2023,CUST0189,Mechanical Keyboard,Technology,South,4,319.96,0,135.96
ORD02539,9/7/2023,CUST0163,Mechanical Keyboard,Technology,East,4,319.96,0,135.96
ORD02636,9/7/2023,CUST0060,Noise-Canceling Headset,Technology,East,2,259.98,0,103.98
ORD00010,9/8/2023,CUST0014,Adjustable Footrest,Furniture,East,1,34.99,0,16.99
ORD00042,9/8/2023,CUST0059,Noise-Canceling Headset,Technology,East,1,90.99,0.3,12.99
ORD01717,9/8/2023,CUST0089,Bluetooth Speaker,Electronics,East,3,149.97,0,65.97
ORD01737,9/8/2023,CUST0025,A4 Printer Paper (Ream),Office Supplies,North,3,37.02,0.05,16.62
ORD02093,9/8/2023,CUST0012,HDMI Cable 4K (6ft),Electronics,North,2,26.98,0.1,17.38
ORD00436,9/9/2023,CUST0166,Desk Organizer Mesh,Furniture,South,1,24.99,0,13.49
ORD02083,9/9/2023,CUST0240,Standing Desk Converter,Furniture,West,2,499.98,0,149.98
ORD02234,9/9/2023,CUST0061,Heavy-Duty Stapler,Office Supplies,South,2,37.98,0.05,20.98
ORD02656,9/9/2023,CUST0032,Noise-Canceling Headset,Technology,North,3,389.97,0,155.97
ORD00038,9/10/2023,CUST0135,Laptop Stand,Technology,South,2,75.98,0.05,31.98
ORD00869,9/10/2023,CUST0029,Standing Desk Converter,Furniture,West,2,499.98,0,149.98
ORD01653,9/10/2023,CUST0042,Document Folder Set,Office Supplies,North,4,67.96,0,39.96
ORD02856,9/10/2023,CUST0152,Spiral Notebooks (3-Pack),Office Supplies,East,2,29.98,0,18.38
ORD00441,9/11/2023,CUST0171,Noise-Canceling Headset,Technology,West,3,331.47,0.15,97.47
ORD00657,9/11/2023,CUST0213,Standing Desk Converter,Furniture,North,4,999.96,0,299.96
ORD01140,9/11/2023,CUST0003,Document Folder Set,Office Supplies,North,2,32.28,0.05,18.28
ORD02769,9/11/2023,CUST0097,Whiteboard Markers,Office Supplies,East,7,68.37,0.15,36.87
ORD00052,9/12/2023,CUST0033,Heavy-Duty Stapler,Office Supplies,South,1,18.99,0.05,10.49
ORD00286,9/12/2023,CUST0001,Filing Cabinet,Furniture,East,7,1119.93,0,335.93
ORD00632,9/12/2023,CUST0038,Adjustable Footrest,Furniture,West,1,26.24,0.25,8.24
ORD01785,9/12/2023,CUST0016,Mechanical Keyboard,Technology,North,3,203.97,0.15,65.97
ORD01832,9/12/2023,CUST0035,Ballpoint Pens (Pack of 12),Office Supplies,South,10,89.9,0,57.9
ORD02408,9/12/2023,CUST0020,Spiral Notebooks (3-Pack),Office Supplies,North,1,14.99,0,9.19
ORD02474,9/12/2023,CUST0055,Permanent Sticky Notes,Office Supplies,East,1,5.94,0.15,3.74
ORD00068,9/13/2023,CUST0322,External SSD 1TB,Technology,West,3,251.98,0.3,26.98
ORD00455,9/13/2023,CUST0189,Lumbar Support Cushion,Furniture,North,1,29.99,0,15.99
ORD00635,9/13/2023,CUST0270,Lumbar Support Cushion,Furniture,North,6,161.95,0.1,77.95
ORD01281,9/13/2023,CUST0181,Filing Cabinet,Furniture,North,9,1223.92,0.15,215.92
ORD00672,9/14/2023,CUST0258,Bluetooth Speaker,Electronics,West,3,149.97,0,65.97
ORD00941,9/14/2023,CUST0098,External SSD 1TB,Technology,North,3,305.97,0.15,80.97
ORD02297,9/15/2023,CUST0274,Whiteboard Markers,Office Supplies,East,1,9.77,0.15,5.27
ORD02426,9/15/2023,CUST0088,Laptop Stand,Technology,East,4,135.97,0.15,47.97
ORD02503,9/15/2023,CUST0115,Whiteboard Markers,Office Supplies,West,1,9.19,0.2,4.69
ORD00580,9/16/2023,CUST0019,Noise-Canceling Headset,Technology,East,1,110.49,0.15,32.49
ORD01988,9/16/2023,CUST0023,Laptop Stand,Technology,North,1,39.99,0,17.99
ORD02240,9/16/2023,CUST0269,Mechanical Keyboard,Technology,West,3,239.97,0,101.97
ORD02835,9/16/2023,CUST0056,External SSD 1TB,Technology,North,5,569.95,0.05,194.95
ORD02845,9/16/2023,CUST0010,Heavy-Duty Stapler,Office Supplies,South,1,19.99,0,11.49
ORD02056,9/18/2023,CUST0147,USB-C Docking Station,Technology,West,9,1349.91,0,494.91
ORD02647,9/18/2023,CUST0041,USB-C Docking Station,Technology,South,1,149.99,0,54.99
ORD00180,9/19/2023,CUST0038,USB-C Docking Station,Technology,East,1,149.99,0,54.99
ORD00412,9/19/2023,CUST0233,Wireless Laser Presenter,Electronics,East,1,21.84,0.05,12.34
ORD02610,9/19/2023,CUST0010,Bookshelf 4-Tier,Furniture,North,2,239.98,0,75.98
ORD02927,9/19/2023,CUST0288,A4 Printer Paper (Ream),Office Supplies,North,2,18.19,0.3,4.59
ORD00520,9/20/2023,CUST0165,Bookshelf 4-Tier,Furniture,South,1,101.99,0.15,19.99
ORD01379,9/20/2023,CUST0227,Standing Desk Converter,Furniture,West,8,1899.92,0.05,499.92
ORD02203,9/20/2023,CUST0001,Heavy-Duty Stapler,Office Supplies,West,3,47.98,0.2,22.48
ORD02573,9/20/2023,CUST0315,Wireless Laser Presenter,Electronics,North,2,39.08,0.15,20.08
ORD02904,9/20/2023,CUST0004,Whiteboard Markers,Office Supplies,North,5,51.71,0.1,29.21
ORD00648,9/21/2023,CUST0052,Bookshelf 4-Tier,Furniture,West,7,839.93,0,265.93
ORD00815,9/21/2023,CUST0001,External SSD 1TB,Technology,West,3,323.97,0.1,98.97
ORD01204,9/21/2023,CUST0062,Bookshelf 4-Tier,Furniture,South,3,359.97,0,113.97
ORD01903,9/21/2023,CUST0299,Ergonomic Office Chair,Furniture,South,1,199.99,0,61.99
ORD02111,9/21/2023,CUST0007,External SSD 1TB,Technology,West,1,89.99,0.25,14.99
ORD02576,9/21/2023,CUST0036,Ergonomic Office Chair,Furniture,South,3,449.98,0.25,35.98
ORD02722,9/21/2023,CUST0284,USB-C Docking Station,Technology,North,1,149.99,0,54.99
ORD00572,9/22/2023,CUST0070,Filing Cabinet,Furniture,South,1,143.99,0.1,31.99
ORD00717,9/22/2023,CUST0122,A4 Printer Paper (Ream),Office Supplies,East,3,38.97,0,18.57
ORD00911,9/22/2023,CUST0157,Adjustable Footrest,Furniture,West,2,62.98,0.1,26.98
ORD01725,9/22/2023,CUST0130,Document Folder Set,Office Supplies,North,2,33.98,0,19.98
ORD01883,9/22/2023,CUST0299,Desk Organizer Mesh,Furniture,East,6,149.94,0,80.94
ORD02241,9/22/2023,CUST0353,Permanent Sticky Notes,Office Supplies,West,2,10.48,0.25,6.08
ORD02463,9/22/2023,CUST0314,Mechanical Keyboard,Technology,South,2,159.98,0,67.98
ORD02731,9/22/2023,CUST0035,Standing Desk Converter,Furniture,East,1,249.99,0,74.99
ORD02984,9/22/2023,CUST0043,Ballpoint Pens (Pack of 12),Office Supplies,East,5,31.46,0.3,15.46
ORD00409,9/23/2023,CUST0015,Noise-Canceling Headset,Technology,West,3,389.97,0,155.97
ORD01324,9/23/2023,CUST0041,HD Webcam 1080p,Technology,South,1,59.99,0,27.99
ORD01554,9/23/2023,CUST0363,Noise-Canceling Headset,Technology,West,2,233.98,0.1,77.98
ORD01729,9/23/2023,CUST0057,Document Folder Set,Office Supplies,West,2,30.58,0.1,16.58
ORD02744,9/23/2023,CUST0190,Standing Desk Converter,Furniture,North,1,237.49,0.05,62.49
ORD02790,9/23/2023,CUST0155,HD Webcam 1080p,Technology,East,1,59.99,0,27.99
ORD00079,9/24/2023,CUST0062,Dual Monitor Arm,Technology,South,5,449.95,0,189.95
ORD01001,9/24/2023,CUST0009,External SSD 1TB,Technology,East,8,959.92,0,359.92
ORD01270,9/24/2023,CUST0062,HDMI Cable 4K (6ft),Electronics,South,7,94.44,0.1,60.84
ORD02075,9/24/2023,CUST0094,Noise-Canceling Headset,Technology,East,2,246.98,0.05,90.98
ORD00039,9/25/2023,CUST0021,A4 Printer Paper (Ream),Office Supplies,South,1,11.69,0.1,4.89
ORD01152,9/25/2023,CUST0001,Lumbar Support Cushion,Furniture,South,10,224.92,0.25,84.92
ORD01598,9/25/2023,CUST0180,Lumbar Support Cushion,Furniture,South,2,47.98,0.2,19.98
ORD01931,9/25/2023,CUST0123,Bookshelf 4-Tier,Furniture,North,2,215.98,0.1,51.98
ORD01977,9/25/2023,CUST0025,HD Webcam 1080p,Technology,East,1,50.99,0.15,18.99
ORD00365,9/26/2023,CUST0178,Adjustable Footrest,Furniture,South,2,69.98,0,33.98
ORD00018,9/27/2023,CUST0360,Permanent Sticky Notes,Office Supplies,West,5,34.95,0,23.95
ORD00665,9/27/2023,CUST0005,Permanent Sticky Notes,Office Supplies,West,6,35.65,0.15,22.45
ORD01305,9/27/2023,CUST0376,Noise-Canceling Headset,Technology,South,2,220.98,0.15,64.98
ORD01846,9/27/2023,CUST0078,Standing Desk Converter,Furniture,South,2,374.99,0.25,24.99
ORD00594,9/28/2023,CUST0059,External SSD 1TB,Technology,East,4,479.96,0,179.96
ORD01449,9/28/2023,CUST0229,Ballpoint Pens (Pack of 12),Office Supplies,East,5,40.46,0.1,24.46
ORD01465,9/28/2023,CUST0298,Noise-Canceling Headset,Technology,West,2,194.99,0.25,38.99
ORD01549,9/28/2023,CUST0277,Ergonomic Office Chair,Furniture,South,2,299.99,0.25,23.99
ORD02168,9/28/2023,CUST0230,Ergonomic Office Chair,Furniture,North,1,169.99,0.15,31.99
ORD00465,9/29/2023,CUST0006,A4 Printer Paper (Ream),Office Supplies,South,2,25.98,0,12.38
ORD02142,9/29/2023,CUST0041,Heavy-Duty Stapler,Office Supplies,West,3,56.97,0.05,31.47
ORD01223,9/30/2023,CUST0332,Bookshelf 4-Tier,Furniture,East,1,107.99,0.1,25.99
ORD02438,9/30/2023,CUST0069,Bookshelf 4-Tier,Furniture,West,3,359.97,0,113.97
ORD00017,10/1/2023,CUST0051,Standing Desk Converter,Furniture,South,7,1399.94,0.2,174.94
ORD00881,10/1/2023,CUST0075,Dual Monitor Arm,Technology ,South,2,170.98,0.05,66.98
ORD00954,10/1/2023,CUST0091,Dual Monitor Arm,Technology,South,2,170.98,0.05,66.98
ORD01649,10/1/2023,CUST0082,External SSD 1TB,Technology,East,2,215.98,0.1,65.98
ORD02000,10/1/2023,CUST0034,Surge Protector Power Strip,Electronics,East,4,72.77,0.3,22.77
ORD00374,10/2/2023,CUST0262,Lumbar Support Cushion,Furniture,East,4,119.96,0,63.96
ORD00386,10/2/2023,CUST0037,A4 Printer Paper (Ream),Office Supplies,East,2,25.98,0,12.38
ORD01337,10/2/2023,CUST0157,Laptop Stand,Technology,West,1,35.99,0.1,13.99
ORD01599,10/2/2023,CUST0023,Heavy-Duty Stapler,Office Supplies,South,2,37.98,0.05,20.98
ORD00488,10/3/2023,CUST0107,Wireless Laser Presenter,Electronics,North,6,124.15,0.1,67.15
ORD01310,10/3/2023,CUST0340,A4 Printer Paper (Ream),Office Supplies,South,1,12.99,0,6.19
ORD01548,10/3/2023,CUST0238,Portable Power Bank 20000mAh,Electronics,North,1,35.99,0.1,14.49
ORD01751,10/3/2023,CUST0032,Wireless Charging Pad,Electronics,South,1,26.99,0.1,12.49
ORD00736,10/4/2023,CUST0024,A4 Printer Paper (Ream),Office Supplies,East,1,10.39,0.2,3.59
ORD00865,10/4/2023,CUST0010,Heavy-Duty Stapler,Office Supplies,South,1,18.99,0.05,10.49
ORD01607,10/4/2023,CUST0005,Spiral Notebooks (3-Pack),Office Supplies,West,2,29.98,0,18.38
ORD02065,10/4/2023,CUST0009,USB-C Docking Station,Technology,North,2,299.98,0,109.98
ORD02942,10/4/2023,CUST0012,Spiral Notebooks (3-Pack),Office Supplies,East,2,29.98,0,18.38
ORD02760,10/5/2023,CUST0345,External SSD 1TB,Technology,East,2,179.98,0.25,29.98
ORD00072,10/6/2023,CUST0306,External SSD 1TB,Technology,North,3,323.97,0.1,98.97
ORD00177,10/6/2023,CUST0076,Whiteboard Markers,Office Supplies,South,4,45.96,0,27.96
ORD00823,10/7/2023,CUST0033,HD Webcam 1080p,Technology,East,2,107.98,0.1,43.98
ORD01997,10/7/2023,CUST0194,Adjustable Footrest,Furniture,East,1,34.99,0,16.99
ORD00099,10/8/2023,CUST0003,Standing Desk Converter,Furniture,East,4,999.96,0,299.96
ORD00272,10/8/2023,CUST0132,Whiteboard Markers,Office Supplies,West,7,68.37,0.15,36.87
ORD00596,10/8/2023,CUST0032,A4 Printer Paper (Ream),Office Supplies,South,2,24.68,0.05,11.08
ORD00732,10/8/2023,CUST0018,Laptop Stand,Technology,West,3,119.97,0,53.97
ORD01547,10/8/2023,CUST0029,Ballpoint Pens (Pack of 12),Office Supplies,East,1,8.99,0,5.79
ORD02529,10/8/2023,CUST0183,External SSD 1TB,Technology,North,1,107.99,0.1,32.99
ORD00758,10/9/2023,CUST0072,External SSD 1TB,Technology,East,1,107.99,0.1,32.99
ORD01418,10/9/2023,CUST0012,Mechanical Keyboard,Technology,West,1,63.99,0.2,17.99
ORD01745,10/9/2023,CUST0104,Heavy-Duty Stapler,Office Supplies,West,7,132.93,0.05,73.43
ORD01167,10/10/2023,CUST0374,Lumbar Support Cushion,Furniture,South,4,113.96,0.05,57.96
ORD01823,10/10/2023,CUST0163,Adjustable Footrest,Furniture,West,9,314.91,0,152.91
ORD01963,10/10/2023,CUST0057,Whiteboard Markers,Office Supplies,North,3,34.47,0,20.97
ORD00493,10/11/2023,CUST0286,HD Webcam 1080p,Technology,West,3,179.97,0,83.97
ORD00779,10/11/2023,CUST0232,Ballpoint Pens (Pack of 12),Office Supplies,North,1,8.99,0,5.79
ORD01502,10/11/2023,CUST0014,Document Folder Set,Office Supplies,East,1,15.29,0.1,8.29
ORD02058,10/11/2023,CUST0074,USB-C Docking Station,Technology,East,2,299.98,0,109.98
ORD02062,10/11/2023,CUST0028,Mechanical Keyboard,Technology,East,1,75.99,0.05,29.99
ORD02926,10/11/2023,CUST0090,Spiral Notebooks (3-Pack),Office Supplies,East,1,14.99,0,9.19
ORD00533,10/12/2023,CUST0024,Whiteboard Markers,Office Supplies,West,1,11.49,0,6.99
ORD00899,10/12/2023,CUST0005,Wireless Laser Presenter,Electronics,East,1,21.84,0.05,12.34
ORD00927,10/12/2023,CUST0053,Mechanical Keyboard,Technology,West,3,227.97,0.05,89.97
ORD01454,10/12/2023,CUST0185,Portable Power Bank 20000mAh,Electronics,East,1,31.99,0.2,10.49
ORD01579,10/12/2023,CUST0151,Dual Monitor Arm,Technology,North,1,85.49,0.05,33.49
ORD02419,10/12/2023,CUST0143,HD Webcam 1080p,Technology,East,1,59.99,0,27.99
ORD02600,10/12/2023,CUST0336,HDMI Cable 4K (6ft),Electronics,North,3,31.48,0.3,17.08
ORD01348,10/13/2023,CUST0046,Noise-Canceling Headset,Technology,South,1,129.99,0,51.99
ORD01540,10/13/2023,CUST0063,USB-C Docking Station,Technology,South,1,149.99,0,54.99
ORD02632,10/13/2023,CUST0209,Portable Power Bank 20000mAh,Electronics,East,1,27.99,0.3,6.49
ORD00152,10/14/2023,CUST0059,Standing Desk Converter,Furniture,West,1,224.99,0.1,49.99
ORD00258,10/14/2023,CUST0155,A4 Printer Paper (Ream),Office Supplies,West,2,22.08,0.15,8.48
ORD00422,10/14/2023,CUST0325,Portable Power Bank 20000mAh,Electronics,South,5,189.95,0.05,82.45
ORD01329,10/14/2023,CUST0360,Document Folder Set,Office Supplies,West,4,67.96,0,39.96
ORD01802,10/14/2023,CUST0108,Standing Desk Converter,Furniture,North,4,949.96,0.05,249.96
ORD02566,10/14/2023,CUST0006,Document Folder Set,Office Supplies,East,1,16.99,0,9.99
ORD00379,10/15/2023,CUST0015,Wireless Charging Pad,Electronics,South,1,23.99,0.2,9.49
ORD00440,10/15/2023,CUST0374,Document Folder Set,Office Supplies,East,1,16.99,0,9.99
ORD01103,10/15/2023,CUST0197,Noise-Canceling Headset,Technology,East,1,116.99,0.1,38.99
ORD01428,10/15/2023,CUST0007,Permanent Sticky Notes,Office Supplies,South,4,20.97,0.25,12.17
ORD01919,10/15/2023,CUST0313,Wireless Laser Presenter,Electronics,West,6,137.94,0,80.94
ORD00800,10/16/2023,CUST0026,Whiteboard Markers,Office Supplies,East,3,34.47,0,20.97
ORD01343,10/16/2023,CUST0151,Laptop Stand,Technology,West,3,119.97,0,53.97
ORD02655,10/16/2023,CUST0362,Dual Monitor Arm,Technology,East,2,179.98,0,75.98
ORD00195,10/17/2023,CUST0233,Heavy-Duty Stapler,Office Supplies,West,3,59.97,0,34.47
ORD02467,10/17/2023,CUST0061,Spiral Notebooks (3-Pack),Office Supplies,South,3,44.97,0,27.57
ORD00604,10/18/2023,CUST0023,Whiteboard Markers,Office Supplies,West,1,9.77,0.15,5.27
ORD01007,10/18/2023,CUST0015,Ballpoint Pens (Pack of 12),Office Supplies,East,3,26.97,0,17.37
ORD01075,10/18/2023,CUST0260,Ergonomic Office Chair,Furniture,East,1,199.99,0,61.99
ORD01703,10/18/2023,CUST0099,Mechanical Keyboard,Technology,North,3,203.97,0.15,65.97
ORD00487,10/19/2023,CUST0003,Surge Protector Power Strip,Electronics,West,3,70.17,0.1,32.67
ORD01970,10/19/2023,CUST0010,Bluetooth Speaker,Electronics,North,1,47.49,0.05,19.49
ORD02140,10/19/2023,CUST0070,Document Folder Set,Office Supplies,North,4,67.96,0,39.96
ORD02371,10/19/2023,CUST0112,Desk Organizer Mesh,Furniture,East,3,74.97,0,40.47
ORD02601,10/19/2023,CUST0119,Heavy-Duty Stapler,Office Supplies,West,10,199.9,0,114.9
ORD02801,10/19/2023,CUST0030,Laptop Stand,Technology,South,2,75.98,0.05,31.98
ORD02829,10/19/2023,CUST0005,Document Folder Set,Office Supplies,East,2,33.98,0,19.98
ORD00476,10/20/2023,CUST0298,Wireless Charging Pad,Electronics,South,2,53.98,0.1,24.98
ORD00742,10/20/2023,CUST0075,Heavy-Duty Stapler,Office Supplies,East,6,113.94,0.05,62.94
ORD02667,10/20/2023,CUST0176,Mechanical Keyboard,Technology,East,1,63.99,0.2,17.99
ORD00140,10/21/2023,CUST0026,Surge Protector Power Strip,Electronics,East,3,70.17,0.1,32.67
ORD01345,10/21/2023,CUST0007,Wireless Laser Presenter,Electronics,South,1,18.39,0.2,8.89
ORD01037,10/22/2023,CUST0091,Desk Organizer Mesh,Furniture,North,6,149.94,0,80.94
ORD01875,10/22/2023,CUST0192,Heavy-Duty Stapler,Office Supplies,North,1,15.99,0.2,7.49
ORD02432,10/22/2023,CUST0114,Dual Monitor Arm,Technology,North,2,179.98,0,75.98
ORD02876,10/22/2023,CUST0039,Mechanical Keyboard,Technology,West,1,67.99,0.15,21.99
ORD00373,10/23/2023,CUST0087,Document Folder Set,Office Supplies,East,2,32.28,0.05,18.28
ORD02150,10/23/2023,CUST0119,Heavy-Duty Stapler,Office Supplies,North,1,19.99,0,11.49
ORD02331,10/23/2023,CUST0290,Surge Protector Power Strip,Electronics,West,1,25.99,0,13.49
ORD00305,10/24/2023,CUST0322,Permanent Sticky Notes,Office Supplies,East,3,20.97,0,14.37
ORD00667,10/24/2023,CUST0086,Adjustable Footrest,Furniture,East,1,34.99,0,16.99
ORD01094,10/24/2023,CUST0015,USB-C Docking Station,Technology,South,1,134.99,0.1,39.99
ORD02779,10/24/2023,CUST0082,Bluetooth Speaker,Electronics,South,5,237.45,0.05,97.45
ORD02832,10/24/2023,CUST0244,HD Webcam 1080p,Technology,East,2,119.98,0,55.98
ORD00273,10/25/2023,CUST0348,USB-C Docking Station,Technology,East,3,449.97,0,164.97
ORD00509,10/25/2023,CUST0110,Whiteboard Markers,Office Supplies,West,10,114.9,0,69.9
ORD00548,10/25/2023,CUST0325,HD Webcam 1080p,Technology,East,7,398.93,0.05,174.93
ORD01133,10/25/2023,CUST0158,Wireless Charging Pad,Electronics,North,1,29.99,0,15.49
ORD01467,10/25/2023,CUST0112,External SSD 1TB,Technology,West,1,101.99,0.15,26.99
ORD02072,10/25/2023,CUST0062,Bluetooth Speaker,Electronics,East,2,89.98,0.1,33.98
ORD00539,10/26/2023,CUST0060,External SSD 1TB,Technology,East,4,407.97,0.15,107.97
ORD00914,10/26/2023,CUST0335,Document Folder Set,Office Supplies,East,4,64.56,0.05,36.56
ORD01867,10/26/2023,CUST0184,A4 Printer Paper (Ream),Office Supplies,West,2,23.38,0.1,9.78
ORD02054,10/26/2023,CUST0021,Document Folder Set,Office Supplies,South,5,72.21,0.15,37.21
ORD02952,10/26/2023,CUST0130,Dual Monitor Arm,Technology,North,2,161.98,0.1,57.98
ORD02959,10/26/2023,CUST0376,Desk Organizer Mesh,Furniture,North,1,23.74,0.05,12.24
ORD01533,10/27/2023,CUST0067,Spiral Notebooks (3-Pack),Office Supplies,North,1,14.24,0.05,8.44
ORD01593,10/27/2023,CUST0099,Permanent Sticky Notes,Office Supplies,South,2,13.98,0,9.58
ORD01728,10/27/2023,CUST0031,Noise-Canceling Headset,Technology,North,1,123.49,0.05,45.49
ORD01924,10/27/2023,CUST0344,Mechanical Keyboard,Technology,West,2,143.98,0.1,51.98
ORD02149,10/27/2023,CUST0073,Surge Protector Power Strip,Electronics,East,2,44.18,0.15,19.18
ORD02729,10/27/2023,CUST0042,Laptop Stand,Technology,West,1,39.99,0,17.99
ORD02870,10/27/2023,CUST0062,USB-C Docking Station,Technology,South,2,299.98,0,109.98
ORD00944,10/28/2023,CUST0099,Dual Monitor Arm,Technology,West,2,179.98,0,75.98
ORD01841,10/28/2023,CUST0359,Standing Desk Converter,Furniture,South,1,237.49,0.05,62.49
ORD02164,10/28/2023,CUST0007,Wireless Laser Presenter,Electronics,West,1,22.99,0,13.49
ORD00546,10/29/2023,CUST0010,Adjustable Footrest,Furniture,West,2,59.48,0.15,23.48
ORD00812,10/29/2023,CUST0002,Wireless Laser Presenter,Electronics,South,4,91.96,0,53.96
ORD01178,10/29/2023,CUST0215,HD Webcam 1080p,Technology,West,3,179.97,0,83.97
ORD00289,10/30/2023,CUST0024,HDMI Cable 4K (6ft),Electronics,North,3,40.47,0.1,26.07
ORD00873,10/30/2023,CUST0380,HD Webcam 1080p,Technology,South,3,143.98,0.2,47.98
ORD01021,10/30/2023,CUST0123,Portable Power Bank 20000mAh,,North,2,79.98,0,36.98
ORD01056,10/30/2023,CUST0301,Document Folder Set,Office Supplies,South,3,40.78,0.2,19.78
ORD02650,10/30/2023,CUST0031,Spiral Notebooks (3-Pack),Office Supplies,North,4,59.96,0,36.76
ORD01243,10/31/2023,CUST0102,Desk Organizer Mesh,Furniture,South,3,63.72,0.15,29.22
ORD02283,10/31/2023,CUST0163,Spiral Notebooks (3-Pack),Office Supplies,East,3,31.48,0.3,14.08
ORD00271,11/1/2023,CUST0195,Whiteboard Markers,Office Supplies,South,1,8.62,0.25,4.12
ORD01417,11/1/2023,CUST0273,Document Folder Set,Office Supplies,West,4,61.16,0.1,33.16
ORD00075,11/2/2023,CUST0281,HDMI Cable 4K (6ft),Electronics,East,3,38.22,0.15,23.82
ORD00502,11/2/2023,CUST0292,External SSD 1TB,Technology,South,9,863.93,,188.93
ORD01422,11/2/2023,CUST0017,Permanent Sticky Notes,Office Supplies,West,1,6.99,0,4.79
ORD02928,11/2/2023,CUST0018,Noise-Canceling Headset,Technology,West,3,389.97,0,155.97
ORD00133,11/3/2023,CUST0003,Ballpoint Pens (Pack of 12),Office Supplies,South,2,17.98,0,11.58
ORD00137,11/3/2023,CUST0076,Noise-Canceling Headset,Technology,South,10,1039.92,0.2,259.92
ORD00663,11/3/2023,CUST0078,Standing Desk Converter,Furniture,West,2,499.98,0,149.98
ORD02212,11/3/2023,CUST0078,Document Folder Set,Office Supplies,West,2,33.98,0,19.98
ORD02906,11/3/2023,CUST0033,Bluetooth Speaker,Electronics,North,3,142.47,0.05,58.47
ORD00328,11/4/2023,CUST0277,Document Folder Set,Office Supplies,East,1,16.99,0,9.99
ORD00646,11/4/2023,CUST0284,Laptop Stand,Technology,East,1,33.99,0.15,11.99
ORD01096,11/4/2023,CUST0192,Wireless Laser Presenter,Electronics,East,1,22.99,0,13.49
ORD01909,11/4/2023,CUST0349,HDMI Cable 4K (6ft),Electronics,North,1,14.24,0.05,9.44
ORD00161,11/5/2023,CUST0355,USB-C Docking Station,Technology,West,2,299.98,0,109.98
ORD01232,11/5/2023,CUST0378,HDMI Cable 4K (6ft),Electronics,North,2,29.98,0,20.38
ORD02410,11/5/2023,CUST0007,Ballpoint Pens (Pack of 12),Office Supplies,North,1,8.99,0,5.79
ORD00149,11/6/2023,CUST0009,Laptop Stand,Technology,South,2,79.98,0,35.98
ORD00306,11/6/2023,CUST0370,Whiteboard Markers,electronics,South,1,8.62,0.25,4.12
ORD00960,11/6/2023,CUST0040,Ballpoint Pens (Pack of 12),Furniture ,North,2,16.18,0.1,9.78
ORD01488,11/6/2023,CUST0135,Desk Organizer Mesh,Furniture,East,2,49.98,0,26.98
ORD02130,11/6/2023,CUST0022,Ergonomic Office Chair,Furniture,South,2,399.98,0,123.98
ORD02751,11/6/2023,CUST0045,Mechanical Keyboard,Technology,West,4,239.97,0.25,55.97
ORD00479,11/7/2023,CUST0274,Wireless Laser Presenter,Electronics,North,5,114.95,0,67.45
ORD00692,11/8/2023,CUST0023,Heavy-Duty Stapler,Office Supplies,East,2,39.98,0,22.98
ORD01251,11/8/2023,CUST0014,HD Webcam 1080p,Technology,East,5,299.95,0,139.95
ORD02277,11/8/2023,CUST0001,Whiteboard Markers,Office Supplies,West,1,11.49,0,6.99
ORD02827,11/8/2023,CUST0080,Whiteboard Markers,Office Supplies,North,1,9.77,0.15,5.27
ORD00713,11/9/2023,CUST0053,HDMI Cable 4K (6ft),Electronics,East,2,23.98,0.2,14.38
ORD01283,11/9/2023,CUST0006,Lumbar Support Cushion,Furniture,South,1,29.99,0,15.99
ORD00096,11/10/2023,CUST0009,Laptop Stand,Technology,East,7,251.94,0.1,97.94
ORD00889,11/10/2023,CUST0031,Bookshelf 4-Tier,Furniture,West,1,119.99,0,37.99
ORD02014,11/10/2023,CUST0070,Portable Power Bank 20000mAh,Electronics,East,7,279.93,0,129.43
ORD02051,11/10/2023,CUST0049,Ballpoint Pens (Pack of 12),Office Supplies,South,2,16.18,0.1,9.78
ORD00021,11/11/2023,CUST0028,Heavy-Duty Stapler,Office Supplies,North,2,39.98,0,22.98
ORD00421,11/11/2023,CUST0114,USB-C Docking Station,Technology,West,8,1199.92,0,439.92
ORD00451,11/11/2023,CUST0039,Laptop Stand,Technology,West,7,279.93,0,125.93
ORD00500,11/11/2023,CUST0302,Desk Organizer Mesh,Furniture,South,5,118.7,0.05,61.2
ORD01086,11/11/2023,CUST0181,Dual Monitor Arm,Technology,North,3,269.97,0,113.97
ORD02368,11/11/2023,CUST0025,A4 Printer Paper (Ream),Office Supplies,North,1,11.69,0.1,4.89
ORD02860,11/11/2023,CUST0026,Standing Desk Converter,Furniture,South,1,249.99,0,74.99
ORD02893,11/11/2023,CUST0289,Standing Desk Converter,Furniture,East,1,249.99,0,74.99
ORD00295,11/12/2023,CUST0067,Wireless Laser Presenter,technology,North,1,22.99,0,13.49
ORD00794,11/12/2023,CUST0004,Noise-Canceling Headset,Technology,East,4,519.96,0,207.96
ORD02047,11/12/2023,CUST0091,Lumbar Support Cushion,Furniture,West,3,80.97,0.1,38.97
ORD02388,11/12/2023,CUST0009,Whiteboard Markers,Office Supplies,East,5,57.45,0,34.95
ORD02496,11/12/2023,CUST0355,Mechanical Keyboard,Technology,West,1,79.99,0,33.99
ORD02612,11/12/2023,CUST0006,Noise-Canceling Headset,Technology,North,1,103.99,0.2,25.99
ORD02721,11/13/2023,CUST0006,HDMI Cable 4K (6ft),Electronics,West,2,20.99,0.3,11.39
ORD02796,11/13/2023,CUST0219,Wireless Laser Presenter,Electronics,North,4,91.96,0,53.96
ORD02987,11/13/2023,CUST0012,Mechanical Keyboard,Technology,West,1,55.99,0.3,9.99
ORD00185,11/14/2023,CUST0024,Heavy-Duty Stapler,Office Supplies,East,1,18.99,0.05,10.49
ORD00405,11/14/2023,CUST0325,Surge Protector Power Strip,Electronics,East,2,46.78,0.1,21.78
ORD02246,11/14/2023,CUST0030,Ergonomic Office Chair,Furniture,West,1,139.99,0.3,1.99
ORD00084,11/15/2023,CUST0001,Adjustable Footrest,Furniture,West,2,52.48,0.25,16.48
ORD00417,11/15/2023,CUST0124,External SSD 1TB,Technology,South,4,431.96,0.1,131.96
ORD01200,11/15/2023,CUST0020,Desk Organizer Mesh,Furniture,North,1,24.99,0,13.49
ORD02298,11/15/2023,CUST0034,Bluetooth Speaker,Electronics,West,1,42.49,0.15,14.49
ORD00784,11/16/2023,CUST0020,Document Folder Set,Office Supplies,East,8,115.53,0.15,59.53
ORD01609,11/16/2023,CUST0076,Ballpoint Pens (Pack of 12),Office Supplies,South,1,8.99,0,5.79
ORD01813,11/16/2023,CUST0210,Heavy-Duty Stapler,Office Supplies,North,2,39.98,0,22.98
ORD00825,11/17/2023,CUST0179,Bluetooth Speaker,Electronics,South,2,89.98,0.1,33.98
ORD01003,11/17/2023,CUST0015,Whiteboard Markers,Office Supplies,West,1,9.19,0.2,4.69
ORD01452,11/17/2023,CUST0043,Standing Desk Converter,Furniture,West,1,249.99,0,74.99
ORD01559,11/17/2023,CUST0237,Permanent Sticky Notes,Office Supplies,East,6,41.94,0,28.74
ORD02782,11/17/2023,CUST0183,Desk Organizer Mesh,Furniture,East,1,24.99,0,13.49
ORD02490,11/18/2023,CUST0363,Heavy-Duty Stapler,Office Supplies,East,1,19.99,0,11.49
ORD02727,11/18/2023,CUST0322,Permanent Sticky Notes,Office Supplies,West,4,25.16,0.1,16.36
ORD02749,11/18/2023,CUST0309,Ballpoint Pens (Pack of 12),Office Supplies,South,2,17.98,0,11.58
ORD00116,11/19/2023,CUST0008,Document Folder Set,Office Supplies,East,9,137.62,0.1,74.62
ORD00696,11/19/2023,CUST0378,HDMI Cable 4K (6ft),Electronics,West,2,26.98,0.1,17.38
ORD01564,11/19/2023,CUST0008,HD Webcam 1080p,Technology,West,2,119.98,0,55.98
ORD01752,11/19/2023,CUST0076,Filing Cabinet,Furniture,North,6,959.94,0,287.94
ORD02495,11/19/2023,CUST0057,Ballpoint Pens (Pack of 12),Office Supplies,East,1,8.54,0.05,5.34
ORD00614,11/20/2023,CUST0007,Desk Organizer Mesh,Furniture,North,5,124.95,0,67.45
ORD01647,11/21/2023,CUST0015,Wireless Laser Presenter,Electronics,West,2,34.48,0.25,15.48
ORD00730,11/22/2023,CUST0115,A4 Printer Paper (Ream),Office Supplies,South,5,58.46,0.1,24.46
ORD01410,11/22/2023,CUST0351,Surge Protector Power Strip,Electronics,East,2,46.78,0.1,21.78
ORD01625,11/22/2023,CUST0013,Laptop Stand,Technology,South,1,35.99,0.1,13.99
ORD00250,11/23/2023,CUST0285,Surge Protector Power Strip,Electronics,West,2,51.98,0,26.98
ORD00731,11/23/2023,CUST0072,Filing Cabinet,Furniture,East,4,575.96,0.1,127.96
ORD01434,11/23/2023,CUST0201,Mechanical Keyboard,Technology,West,5,379.95,0.05,149.95
ORD01447,11/23/2023,CUST0221,HDMI Cable 4K (6ft),Electronics,East,3,42.72,0.05,28.32
ORD01578,11/23/2023,CUST0347,HD Webcam 1080p,Technology,West,3,179.97,0,83.97
ORD01746,11/23/2023,CUST0106,Standing Desk Converter,Furniture,North,2,499.98,0,149.98
ORD01945,11/23/2023,CUST0322,Adjustable Footrest,Furniture,East,7,232.68,0.05,106.68
ORD01946,11/23/2023,CUST0215,Filing Cabinet,Furniture,South,2,303.98,0.05,79.98
ORD00317,11/24/2023,CUST0059,Desk Organizer Mesh,Furniture,West,3,74.97,0,40.47
ORD00415,11/24/2023,CUST0005,Desk Organizer Mesh,Furniture,East,1,24.99,0,13.49
ORD01576,11/25/2023,CUST0106,Document Folder Set,Office Supplies,North,1,16.99,0,9.99
ORD00507,11/26/2023,CUST0115,Laptop Stand,Technology,East,1,35.99,0.1,13.99
ORD00545,11/26/2023,CUST0063,Wireless Laser Presenter,Electronics,West,1,17.24,0.25,7.74
ORD01228,11/26/2023,CUST0056,Noise-Canceling Headset,Technology,East,3,389.97,0,155.97
ORD02226,11/26/2023,CUST0183,Wireless Charging Pad,Electronics,North,4,101.97,0.15,43.97
ORD02236,11/26/2023,CUST0003,Standing Desk Converter,Furniture,West,2,499.98,0,149.98
ORD02807,11/26/2023,CUST0047,External SSD 1TB,Technology,West,5,569.95,0.05,194.95
ORD01661,11/27/2023,CUST0157,Bluetooth Speaker,Electronics,North,2,99.98,0,43.98
ORD00447,11/28/2023,CUST0012,A4 Printer Paper (Ream),Office Supplies,West,5,51.96,0.2,17.96
ORD00996,11/28/2023,CUST0067,USB-C Docking Station,Technology,East,3,449.97,0,164.97
ORD01394,11/28/2023,CUST0262,Document Folder Set,Office Supplies,East,1,16.99,0,9.99
ORD02546,11/28/2023,CUST0150,Portable Power Bank 20000mAh,Electronics,South,3,119.97,0,55.47
ORD01189,11/29/2023,CUST0191,Document Folder Set,Office Supplies,East,1,15.29,0.1,8.29
ORD01331,11/29/2023,CUST0136,HDMI Cable 4K (6ft),Electronics,North,1,13.49,0.1,8.69
ORD02387,11/29/2023,CUST0194,Mechanical Keyboard,Technology,West,2,159.98,0,67.98
ORD01078,11/30/2023,CUST0155,Whiteboard Markers,Office Supplies,North,2,21.83,0.05,12.83
ORD01174,11/30/2023,CUST0015,Laptop Stand,Technology,South,1,35.99,0.1,13.99
ORD01260,11/30/2023,CUST0317,A4 Printer Paper (Ream),Office Supplies,South,3,38.97,0,18.57
ORD01556,11/30/2023,CUST0266,Heavy-Duty Stapler,Office Supplies,East,5,99.95,0,57.45
ORD01755,11/30/2023,CUST0213,Permanent Sticky Notes,Office Supplies,East,5,34.95,0,23.95
ORD02356,11/30/2023,CUST0008,Surge Protector Power Strip,Electronics,North,3,77.97,0,40.47
ORD02381,11/30/2023,CUST0006,Wireless Laser Presenter,Electronics,East,2,41.38,0.1,22.38
ORD00336,12/1/2023,CUST0034,HDMI Cable 4K (6ft),Electronics,North,2,29.98,0,20.38
ORD00888,12/1/2023,CUST0175,Permanent Sticky Notes,Office Supplies,South,1,6.99,0,4.79
ORD01438,12/1/2023,CUST0027,Laptop Stand,Technology,East,5,139.97,0.3,29.97
ORD01557,12/1/2023,CUST0056,Wireless Laser Presenter,Electronics,South,7,160.93,0,94.43
ORD01958,12/1/2023,CUST0318,Wireless Laser Presenter,Electronics,West,8,156.33,0.15,80.33
ORD01984,12/1/2023,CUST0066,Whiteboard Markers,Office Supplies,North,3,31.02,0.1,17.52
ORD02386,12/1/2023,CUST0137,A4 Printer Paper (Ream),Office Supplies,East,1,10.39,0.2,3.59
ORD02393,12/1/2023,CUST0346,Portable Power Bank 20000mAh,Electronics,North,1,33.99,0.15,12.49
ORD02412,12/1/2023,CUST0013,Standing Desk Converter,Furniture,North,4,999.96,0,299.96
ORD00261,12/2/2023,CUST0045,Desk Organizer Mesh,Furniture,East,1,24.99,0,13.49
ORD00384,12/2/2023,CUST0291,Bluetooth Speaker,Electronics,East,2,89.98,0.1,33.98
ORD00933,12/2/2023,CUST0063,Adjustable Footrest,Furniture,South,8,279.92,0,135.92
ORD01817,12/2/2023,CUST0009,Ergonomic Office Chair,Furniture,West,2,399.98,0,123.98
ORD02327,12/2/2023,CUST0006,Lumbar Support Cushion,Furniture,East,1,29.99,0,15.99
ORD02486,12/2/2023,CUST0032,Adjustable Footrest,Furniture,North,1,34.99,0,16.99
ORD02798,12/2/2023,CUST0352,Ballpoint Pens (Pack of 12),Office Supplies,West,2,17.98,0,11.58
ORD02895,12/2/2023,CUST0011,USB-C Docking Station,Technology,North,1,149.99,0,54.99
ORD00130,12/3/2023,CUST0284,Bookshelf 4-Tier,Furniture,East,5,569.95,0.05,159.95
ORD02148,12/3/2023,CUST0342,External SSD 1TB,Technology,West,3,359.97,0,134.97
ORD02519,12/3/2023,CUST0019,Lumbar Support Cushion,Furniture,West,1,28.49,0.05,14.49
ORD02882,12/3/2023,CUST0114,Wireless Charging Pad,Electronics,West,4,101.97,0.15,43.97
ORD00115,12/4/2023,CUST0101,Whiteboard Markers,Office Supplies,West,2,21.83,0.05,12.83
ORD00346,12/4/2023,CUST0078,Wireless Laser Presenter,Electronics,West,1,22.99,0,13.49
ORD01735,12/4/2023,CUST0034,Wireless Laser Presenter,Electronics,East,1,19.54,0.15,10.04
ORD00311,12/5/2023,CUST0326,Bluetooth Speaker,Electronics,East,4,199.96,0,87.96
ORD01225,12/5/2023,CUST0001,HDMI Cable 4K (6ft),Electronics,East,5,74.95,0,50.95
ORD01624,12/5/2023,CUST0203,Surge Protector Power Strip,Electronics, North,3,74.07,0.05,36.57
ORD02102,12/5/2023,CUST0081,Ballpoint Pens (Pack of 12),Office Supplies,North,4,35.96,0,23.16
ORD02108,12/5/2023,CUST0047,HD Webcam 1080p,Technology,West,2,107.98,0.1,43.98
ORD02207,12/5/2023,CUST0104,Mechanical Keyboard,Technology,South,2,159.98,0,67.98
ORD00478,12/6/2023,CUST0003,Bookshelf 4-Tier,Furniture,West,1,101.99,0.15,19.99
ORD01299,12/6/2023,CUST0014,USB-C Docking Station,Technology,West,9,1349.91,0,494.91
ORD01339,12/6/2023,CUST0028,Ballpoint Pens (Pack of 12),Office Supplies,East,1,7.64,0.15,4.44
ORD01474,12/6/2023,CUST0073,Wireless Charging Pad,Electronics,North,2,53.98,0.1,24.98
ORD02629,12/6/2023,CUST0043,Laptop Stand,Technology,West,1,35.99,0.1,13.99
ORD00220,12/7/2023,CUST0054,Adjustable Footrest,Furniture,North,4,132.96,0.05,60.96
ORD00876,12/7/2023,CUST0040,Spiral Notebooks (3-Pack),Office Supplies,West,2,25.48,0.15,13.88
ORD01246,12/8/2023,CUST0201,Surge Protector Power Strip,Electronics,East,1,20.79,0.2,8.29
ORD01457,12/8/2023,CUST0034,HD Webcam 1080p,Technology,South,6,359.94,0,167.94
ORD02262,12/8/2023,CUST0194,Dual Monitor Arm,Technology,West,2,134.98,0.25,30.98
ORD02435,12/8/2023,CUST0178,Surge Protector Power Strip,Electronics,East,1,22.09,0.15,9.59
ORD01115,12/9/2023,CUST0029,Bookshelf 4-Tier,Furniture,West,4,455.96,0.05,127.96
ORD02261,12/9/2023,CUST0008,Mechanical Keyboard,Technology,East,1,71.99,0.1,25.99
ORD01468,12/10/2023,CUST0211,Wireless Charging Pad,Electronics,East,1,28.49,0.05,13.99
ORD01586,12/10/2023,CUST0158,Document Folder Set,Office Supplies,North,3,40.78,0.2,19.78
ORD00005,12/11/2023,CUST0062,Bookshelf 4-Tier,Furniture,East,4,431.96,0.1,103.96
ORD02753,12/11/2023,CUST0222,A4 Printer Paper (Ream),Office Supplies,North,2,25.98,0,12.38
ORD02859,12/11/2023,CUST0114,Ballpoint Pens (Pack of 12),Office Supplies,South,1,8.99,0,5.79
ORD02964,12/11/2023,CUST0372,Portable Power Bank 20000mAh,Electronics,South,10,399.9,0,184.9
ORD01440,12/12/2023,CUST0004,Noise-Canceling Headset,Technology,South,1,129.99,0,51.99
ORD01616,12/12/2023,CUST0002,Permanent Sticky Notes,Office Supplies,South,1,6.29,0.1,4.09
ORD02022,12/12/2023,CUST0369,Dual Monitor Arm,Technology,East,3,256.47,0.05,100.47
ORD01054,12/13/2023,CUST0367,Laptop Stand,Technology,South,1,31.99,0.2,9.99
ORD01338,12/13/2023,CUST0005,Noise-Canceling Headset,Technology,East,2,259.98,0,103.98
ORD01975,12/13/2023,CUST0052,USB-C Docking Station,Technology,East,2,269.98,0.1,79.98
ORD00259,12/14/2023,CUST0058,Mechanical Keyboard,Technology,East,2,159.98,0,67.98
ORD01064,12/14/2023,CUST0251,Portable Power Bank 20000mAh,Electronics,East,6,215.95,0.1,86.95
ORD00628,12/15/2023,CUST0250,Portable Power Bank 20000mAh,Electronics,West,2,71.98,0.1,28.98
ORD01515,12/15/2023,CUST0208,Wireless Laser Presenter,Electronics,East,1,22.99,0,13.49
ORD02163,12/15/2023,CUST0255,Spiral Notebooks (3-Pack),Office Supplies,South,1,12.74,0.15,6.94
ORD01374,12/16/2023,CUST0010,Desk Organizer Mesh,Furniture,West,2,39.98,0.2,16.98
ORD01819,12/16/2023,CUST0344,Noise-Canceling Headset,Technology,West,1,123.49,0.05,45.49
ORD02664,12/16/2023,CUST0068,Noise-Canceling Headset,Technology,West,2,259.98,0,103.98
ORD02107,12/17/2023,CUST0366,Wireless Charging Pad,Electronics,East,2,47.98,0.2,18.98
ORD02344,12/17/2023,CUST0033,Mechanical Keyboard,Technology,South,2,159.98,0,67.98
ORD00652,12/18/2023,CUST0045,Bookshelf 4-Tier,Furniture,East,2,191.98,0.2,27.98
ORD01224,12/18/2023,CUST0258,Wireless Laser Presenter,Electronics,South,3,48.28,0.3,19.78
ORD01859,12/18/2023,CUST0043,USB-C Docking Station,Technology,West,2,299.98,0,109.98
ORD02017,12/18/2023,CUST0022,Desk Organizer Mesh,Furniture,West,3,71.22,0.05,36.72
ORD00508,12/19/2023,CUST0007,Ballpoint Pens (Pack of 12),Office Supplies,North,4,35.96,0,23.16
ORD00798,12/19/2023,CUST0136,Permanent Sticky Notes,Office Supplies,South,1,6.99,0,4.79
ORD02292,12/19/2023,CUST0302,External SSD 1TB,Technology,West,2,239.98,0,89.98
ORD02621,12/19/2023,CUST0025,Heavy-Duty Stapler,Office Supplies,North,2,29.98,0.25,12.98
ORD00819,12/20/2023,CUST0032,Bluetooth Speaker,Electronics,North,2,99.98,0,43.98
ORD02314,12/20/2023,CUST0019,Adjustable Footrest,Furniture,East,1,33.24,0.05,15.24
ORD02946,12/20/2023,CUST0056,Heavy-Duty Stapler,Office Supplies,South,1,19.99,0,11.49
ORD00335,12/21/2023,CUST0080,Wireless Charging Pad,Electronics,East,3,85.47,0.05,41.97
ORD01441,12/21/2023,CUST0125,Desk Organizer Mesh,Furniture,North,1,17.49,0.3,5.99
ORD01423,12/22/2023,CUST0150,A4 Printer Paper (Ream),Office Supplies,East,1,12.99,0,6.19
ORD01462,12/22/2023,CUST0196,Ergonomic Office Chair,Furniture,North,2,359.98,0.1,83.98
ORD01851,12/22/2023,CUST0196,Dual Monitor Arm,Technology,North,3,256.47,0.05,100.47
ORD02595,12/22/2023,CUST0170,Ballpoint Pens (Pack of 12),Office Supplies,South,5,44.95,0,28.95
ORD02838,12/22/2023,CUST0288,USB-C Docking Station,Technology,West,6,899.94,0,329.94
ORD00789,12/23/2023,CUST0010,Noise-Canceling Headset,Technology,East,1,123.49,0.05,45.49
ORD02362,12/23/2023,CUST0304,Portable Power Bank 20000mAh,Electronics,West,4,159.96,0,73.96
ORD02425,12/23/2023,CUST0076,External SSD 1TB,Technology,North,5,599.95,0,224.95
ORD00186,12/24/2023,CUST0351,A4 Printer Paper (Ream),Office Supplies,North,1,12.99,0,6.19
ORD02718,12/24/2023,CUST0061,Portable Power Bank 20000mAh,Electronics,East,4,159.96,0,73.96
ORD02728,12/24/2023,CUST0072,Bookshelf 4-Tier,Furniture,West,4,383.97,0.2,55.97
ORD02726,12/25/2023,CUST0114,Adjustable Footrest,Furniture,North,1,24.49,0.3,6.49
ORD00826,12/26/2023,CUST0037,Laptop Stand,Technology,East,1,37.99,0.05,15.99
ORD01095,12/26/2023,CUST0022,Wireless Charging Pad,Electronics,North,3,85.47,0.05,41.97
ORD02683,12/26/2023,CUST0109,Adjustable Footrest,Furniture,North,3,99.72,0.05,45.72
ORD02990,12/26/2023,CUST0238,Surge Protector Power Strip,Electronics,South,1,20.79,0.2,8.29
ORD01456,12/27/2023,CUST0329,USB-C Docking Station,Technology,North,2,299.98,0,109.98
ORD00228,12/28/2023,CUST0079,Document Folder Set,Office Supplies,West,1,15.29,0.1,8.29
ORD01469,12/28/2023,CUST0049,Spiral Notebooks (3-Pack),Office Supplies,West,6,85.44,0.05,50.64
ORD01602,12/28/2023,CUST0123,Permanent Sticky Notes,Office Supplies,North,2,9.79,0.3,5.39
ORD02230,12/28/2023,CUST0178,Permanent Sticky Notes,Office Supplies,East,4,27.96,0,19.16
ORD02345,12/28/2023,CUST0149,External SSD 1TB,Technology,East,1,113.99,0.05,38.99
ORD00327,12/29/2023,CUST0067,Filing Cabinet,Furniture,South,1,143.99,0.1,31.99
ORD01656,12/30/2023,CUST0053,Whiteboard Markers,Office Supplies,West,3,34.47,0,20.97
ORD02254,12/30/2023,CUST0113,Spiral Notebooks (3-Pack),Office Supplies,North,3,38.22,0.15,20.82
ORD00701,12/31/2023,CUST0033,Surge Protector Power Strip,Electronics,North,4,103.96,0,53.96
ORD02862,12/31/2023,CUST0194,HDMI Cable 4K (6ft),Electronics,North,1,11.99,0.2,7.19
ORD00219,1/1/2024,CUST0241,Adjustable Footrest,Furniture,East,1,33.24,0.05,15.24
ORD00913,1/1/2024,CUST0014,USB-C Docking Station,Technology,East,7,1049.93,0,384.93
ORD01369,1/1/2024,CUST0220,Portable Power Bank 20000mAh,Electronics,North,4,143.96,0.1,57.96
ORD02208,1/1/2024,CUST0221,A4 Printer Paper (Ream),Office Supplies,North,1,11.69,0.1,4.89
ORD00385,1/2/2024,CUST0279,Whiteboard Markers,Office Supplies,North,2,22.98,0,13.98
ORD01125,1/2/2024,CUST0043,Surge Protector Power Strip,Electronics,North,1,25.99,0,13.49
ORD01179,1/2/2024,CUST0017,Spiral Notebooks (3-Pack),Office Supplies,East,2,29.98,0,18.38
ORD01433,1/2/2024,CUST0028,Dual Monitor Arm,Technology,South,4,359.96,0,151.96
ORD00316,1/3/2024,CUST0043,Filing Cabinet,Furniture,South,4,575.96,0.1,127.96
ORD00838,1/3/2024,CUST0049,Ergonomic Office Chair,Furniture,East,7,1399.93,0,433.93
ORD01298,1/3/2024,CUST0300,Heavy-Duty Stapler,Office Supplies,North,1,19.99,0,11.49
ORD00624,1/4/2024,CUST0027,External SSD 1TB,Technology,North,1,119.99,0,44.99
ORD00802,1/4/2024,CUST0272,Noise-Canceling Headset,Technology,East,1,129.99,0,51.99
ORD02580,1/4/2024,CUST0080,Document Folder Set,Office Supplies,North,5,84.95,0,49.95
ORD02633,1/4/2024,CUST0134,Spiral Notebooks (3-Pack),Office Supplies,North,1,13.49,0.1,7.69
ORD00238,1/5/2024,CUST0124,Lumbar Support Cushion,Furniture,West,1,23.99,0.2,9.99
ORD00339,1/5/2024,CUST0007,Dual Monitor Arm,Technology,South,4,359.96,0,151.96
ORD01002,1/5/2024,CUST0328,Bookshelf 4-Tier,Furniture,East,4,479.96,0,151.96
ORD02173,1/5/2024,CUST0070,External SSD 1TB,Technology,East,2,203.98,0.15,53.98
ORD02941,1/5/2024,CUST0012,Heavy-Duty Stapler,Office Supplies,North,1,15.99,0.2,7.49
ORD00007,1/6/2024,CUST0134,Heavy-Duty Stapler,Office Supplies,East,4,55.97,0.3,21.97
ORD01048,1/6/2024,CUST0014,Filing Cabinet,Furniture,West,2,255.98,0.2,31.98
ORD01111,1/6/2024,CUST0109,HD Webcam 1080p,Technology,North,1,59.99,0,27.99
ORD01210,1/6/2024,CUST0158,Spiral Notebooks (3-Pack),Office Supplies,East,1,13.49,0.1,7.69
ORD01388,1/6/2024,CUST0242,Surge Protector Power Strip,Electronics,North,5,97.46,0.25,34.96
ORD01837,1/6/2024,CUST0222,Wireless Charging Pad,Electronics,North,1,29.99,0,15.49
ORD00653,1/7/2024,CUST0218,Whiteboard Markers,Office Supplies,South,1,11.49,0,6.99
ORD02832,10/24/2023,CUST0244,HD Webcam 1080p,Technology,East,2,119.98,0,55.98
ORD00916,1/7/2024,CUST0006,Document Folder Set,Office Supplies,North,1,16.99,0,9.99
ORD01706,1/7/2024,CUST0158,Spiral Notebooks (3-Pack),Office Supplies,West,4,59.96,0,36.76
ORD01921,1/7/2024,CUST0332,A4 Printer Paper (Ream),Office Supplies,South,1,12.34,0.05,5.54
ORD02380,1/7/2024,CUST0127,External SSD 1TB,Technology,South,5,449.96,0.25,74.96
ORD02423,1/7/2024,CUST0316,Filing Cabinet,Furniture,East,4,607.96,0.05,159.96
ORD02571,1/7/2024,CUST0025,HDMI Cable 4K (6ft),Electronics,North,2,29.98,0,20.38
ORD00229,1/8/2024,CUST0107,A4 Printer Paper (Ream),Office Supplies,West,1,11.69,0.1,4.89
ORD00537,1/8/2024,CUST0263,HDMI Cable 4K (6ft),Electronics,South,4,56.96,0.05,37.76
ORD00787,1/8/2024,CUST0065,Spiral Notebooks (3-Pack),Office Supplies,South,5,74.95,0,45.95
ORD01378,1/8/2024,CUST0054,HD Webcam 1080p,Technology,West,1,56.99,0.05,24.99
ORD01380,1/8/2024,CUST0284,Lumbar Support Cushion,Furniture,East,3,89.97,0,47.97
ORD01453,1/8/2024,CUST0064,Desk Organizer Mesh,Furniture,East,4,99.96,0,53.96
ORD02551,1/8/2024,CUST0002,HDMI Cable 4K (6ft),Electronics,North,2,29.98,0,20.38
ORD02586,1/8/2024,CUST0352,Mechanical Keyboard,Technology,North,4,303.96,0.05,119.96
ORD00615,1/10/2024,CUST0149,HDMI Cable 4K (6ft),Electronics,East,2,25.48,0.15,15.88
ORD01804,1/10/2024,CUST0076,Mechanical Keyboard,Technology,North,1,75.99,0.05,29.99
ORD00807,1/11/2024,CUST0002,USB-C Docking Station,Technology,East,1,142.49,0.05,47.49
ORD01930,1/11/2024,CUST0250,HDMI Cable 4K (6ft),Electronics,South,1,11.24,0.25,6.44
ORD02413,1/11/2024,CUST0377,Filing Cabinet,Furniture,West,1,135.99,0.15,23.99
ORD02899,1/11/2024,CUST0159,Adjustable Footrest,Furniture,North,3,83.98,0.2,29.98
ORD00171,1/12/2024,CUST0008,External SSD 1TB,Technology,West,5,419.96,0.3,44.96
ORD00691,1/13/2024,CUST0245,Mechanical Keyboard,Technology,South,1,79.99,0,33.99
ORD01126,1/13/2024,CUST0359,Spiral Notebooks (3-Pack),Office Supplies,East,1,14.24,0.05,8.44
ORD01332,1/13/2024,CUST0012,Filing Cabinet,Furniture,North,1,127.99,0.2,15.99
ORD02374,1/13/2024,CUST0038,Bluetooth Speaker,Electronics,East,4,199.96,0,87.96
ORD02510,1/13/2024,CUST0368,Surge Protector Power Strip,Electronics,South,1,24.69,0.05,12.19
ORD02786,1/13/2024,CUST0132,Surge Protector Power Strip,Electronics,East,1,25.99,0,13.49
ORD00799,1/14/2024,CUST0311,Bluetooth Speaker,Electronics,East,4,199.96,0,87.96
ORD00816,1/14/2024,CUST0253,HD Webcam 1080p,Technology,North,1,56.99,0.05,24.99
ORD00851,1/14/2024,CUST0124,Desk Organizer Mesh,Furniture,North,1,21.24,0.15,9.74
ORD01957,1/14/2024,CUST0129,Ergonomic Office Chair,Furniture,South,2,399.98,0,123.98
ORD02497,1/14/2024,CUST0031,Filing Cabinet,Furniture,West,5,799.95,0,239.95
ORD00875,1/15/2024,CUST0156,Heavy-Duty Stapler,Office Supplies,West,1,15.99,0.2,7.49
ORD01726,1/15/2024,CUST0128,Ballpoint Pens (Pack of 12),Office Supplies,West,1,8.09,0.1,4.89
ORD02745,1/15/2024,CUST0003,External SSD 1TB,Technology,North,2,179.98,0.25,29.98
ORD02818,1/15/2024,CUST0263,HD Webcam 1080p,Technology,West,2,119.98,0,55.98
ORD00208,1/16/2024,CUST0124,Noise-Canceling Headset,Technology,East,1,129.99,0,51.99
ORD01356,1/16/2024,CUST0003,Mechanical Keyboard,Technology,North,4,255.97,0.2,71.97
ORD02094,1/16/2024,CUST0299,Filing Cabinet,Furniture,West,1,159.99,0,47.99
ORD01272,1/17/2024,CUST0128,Permanent Sticky Notes,Office Supplies,East,2,13.98,0,9.58
ORD02794,1/17/2024,CUST0117,Portable Power Bank 20000mAh,Electronics,South,2,79.98,0,36.98
ORD01664,1/18/2024,CUST0144,Filing Cabinet,Furniture,South,8,1023.94,0.2,127.94
ORD01789,1/18/2024,CUST0317,Dual Monitor Arm,Technology,North,1,89.99,0,37.99
ORD02568,1/18/2024,CUST0001,Noise-Canceling Headset,Technology,South,2,233.98,0.1,77.98
ORD02603,1/18/2024,CUST0185,Ergonomic Office Chair,Furniture,South,1,199.99,0,61.99
ORD00975,1/19/2024,CUST0192,Mechanical Keyboard,Technology,South,3,179.98,0.25,41.98
ORD01206,1/19/2024,CUST0099,HDMI Cable 4K (6ft),Electronics,West,2,28.48,0.05,18.88
ORD02055,1/19/2024,CUST0029,Bookshelf 4-Tier,Furniture,West,2,239.98,0,75.98
ORD02213,1/19/2024,CUST0002,Noise-Canceling Headset,Technology,West,1,110.49,0.15,32.49
ORD02781,1/19/2024,CUST0150,Desk Organizer Mesh,Furniture,East,1,21.24,0.15,9.74
ORD00828,1/20/2024,CUST0170,Portable Power Bank 20000mAh,Electronics,West,1,39.99,0,18.49
ORD00863,1/20/2024,CUST0305,Mechanical Keyboard,Technology,East,5,399.95,0,169.95
ORD01619,1/20/2024,CUST0010,Mechanical Keyboard,Technology,East,1,79.99,0,33.99
ORD02493,1/20/2024,CUST0183,HD Webcam 1080p,Technology,West,3,179.97,0,83.97
ORD02628,1/20/2024,CUST0148,Mechanical Keyboard,Technology,South,1,75.99,0.05,29.99
ORD02900,1/20/2024,CUST0027,Standing Desk Converter,Furniture,South,4,999.96,0,299.96
ORD02970,1/20/2024,CUST0340,Ballpoint Pens (Pack of 12),Office Supplies,South,5,44.95,0,28.95
ORD00312,1/22/2024,CUST0179,Document Folder Set,Office Supplies,North,4,64.56,0.05,36.56
ORD00329,1/22/2024,CUST0123,Laptop Stand,Technology,East,1,33.99,0.15,11.99
ORD00352,1/22/2024,CUST0004,HDMI Cable 4K (6ft),Electronics,East,2,23.98,0.2,14.38
ORD00629,1/22/2024,CUST0128,Document Folder Set,Office Supplies,South,4,61.16,0.1,33.16
ORD00681,1/22/2024,CUST0056,Laptop Stand,Technology,East,2,79.98,0,35.98
ORD00988,1/22/2024,CUST0341,Surge Protector Power Strip,Electronics,North,1,24.69,0.05,12.19
ORD01066,1/22/2024,CUST0110,Dual Monitor Arm,Technology,East,1,76.49,0.15,24.49
ORD01998,1/22/2024,CUST0002,Lumbar Support Cushion,Furniture,South,1,29.99,0,15.99
ORD02185,1/23/2024,CUST0172,Whiteboard Markers,Electronics ,East,5,57.45,0,34.95
ORD00301,1/24/2024,CUST0262,Dual Monitor Arm,Technology,North,1,71.99,0.2,19.99
ORD00931,1/24/2024,CUST0076,Whiteboard Markers,Office Supplies,North,9,103.41,0,62.91
ORD02165,1/24/2024,CUST0380,Lumbar Support Cushion,Furniture,South,1,28.49,0.05,14.49
ORD02901,1/24/2024,CUST0038,Adjustable Footrest,Furniture,East,3,89.22,0.15,35.22
ORD01240,1/25/2024,CUST0134,Laptop Stand,Technology,East,1,39.99,0,17.99
ORD01782,1/25/2024,CUST0250,Lumbar Support Cushion,Furniture,North,2,59.98,0,31.98
ORD02409,1/25/2024,CUST0050,Spiral Notebooks (3-Pack),Office Supplies,North,3,40.47,0.1,23.07
ORD00308,1/26/2024,CUST0240,Filing Cabinet,Furniture,South,1,159.99,0,47.99
ORD00611,1/26/2024,CUST0053,Wireless Laser Presenter,Electronics,East,2,45.98,0,26.98
ORD00644,1/26/2024,CUST0019,Wireless Laser Presenter,Electronics,North,4,91.96,0,53.96
ORD01203,1/26/2024,CUST0077,Dual Monitor Arm,Technology,East,1,80.99,0.1,28.99
ORD01402,1/26/2024,CUST0037,Spiral Notebooks (3-Pack),Office Supplies,South,1,13.49,0.1,7.69
ORD02488,1/26/2024,CUST0304,Laptop Stand,Technology,North,1,35.99,0.1,13.99
ORD00298,1/27/2024,CUST0084,HDMI Cable 4K (6ft),Electronics,South,3,40.47,0.1,26.07
ORD00993,1/27/2024,CUST0010,Portable Power Bank 20000mAh,Electronics,North,4,143.96,0.1,57.96
ORD02091,1/27/2024,CUST0061,Bookshelf 4-Tier,Furniture,East,4,479.96,0,151.96
ORD02064,1/28/2024,CUST0021,A4 Printer Paper (Ream),Office Supplies,North,3,27.28,0.3,6.88
ORD01336,1/29/2024,CUST0001,Wireless Laser Presenter,Electronics,West,1,19.54,0.15,10.04
ORD00057,1/30/2024,CUST0310,Laptop Stand,Technology,East,1,31.99,0.2,9.99
ORD01435,1/30/2024,CUST0037,External SSD 1TB,Technology,North,1,107.99,0.1,32.99
ORD01451,1/30/2024,CUST0018,External SSD 1TB,Technology,West,4,455.96,0.05,155.96
ORD01799,1/30/2024,CUST0159,A4 Printer Paper (Ream),Office Supplies,North,3,33.12,0.15,12.72
ORD01877,1/30/2024,CUST0018,Bluetooth Speaker,Electronics,West,3,149.97,0,65.97
ORD02557,1/30/2024,CUST0145,Heavy-Duty Stapler,Office Supplies,East,4,71.96,0.1,37.96
ORD02768,1/30/2024,CUST0066,Spiral Notebooks (3-Pack),Office Supplies,North,2,26.98,0.1,15.38
ORD01163,1/31/2024,CUST0037,HD Webcam 1080p,Technology,East,2,119.98,0,55.98
ORD01911,1/31/2024,CUST0130,HD Webcam 1080p,Technology,East,4,215.96,0.1,87.96
ORD02509,1/31/2024,CUST0289,Whiteboard Markers,Office Supplies,East,8,82.73,0.1,46.73
ORD01528,2/1/2024,CUST0228,Whiteboard Markers,Office Supplies,East,2,22.98,0,13.98
ORD01677,2/1/2024,CUST0180,Bookshelf 4-Tier,Furniture,West,2,239.98,0,75.98
ORD01142,2/2/2024,CUST0220,Permanent Sticky Notes,Office Supplies,South,2,13.98,0,9.58
ORD02154,2/2/2024,CUST0252,Ballpoint Pens (Pack of 12),Office Supplies,East,6,48.55,0.1,29.35
ORD00771,2/3/2024,CUST0018,Noise-Canceling Headset,Technology,East,3,389.97,0,155.97
ORD01278,2/3/2024,CUST0017,Wireless Laser Presenter,Electronics,West,2,43.68,0.05,24.68
ORD02147,2/3/2024,CUST0127,Desk Organizer Mesh,Furniture,East,1,24.99,0,13.49
ORD02186,2/3/2024,CUST0054,Wireless Laser Presenter,Electronics,North,2,45.98,0,26.98
ORD02259,2/3/2024,CUST0006,HDMI Cable 4K (6ft),Electronics,West,3,42.72,0.05,28.32
ORD01503,2/4/2024,CUST0107,External SSD 1TB,Technology,South,3,359.97,0,134.97
ORD01519,2/4/2024,CUST0194,Noise-Canceling Headset,Technology,North,1,123.49,0.05,45.49
ORD01784,2/4/2024,CUST0295,Dual Monitor Arm,Technology,East,5,449.95,0,189.95
ORD02247,2/4/2024,CUST0013,Wireless Charging Pad,Electronics,East,5,149.95,0,77.45
ORD02544,2/4/2024,CUST0075,Laptop Stand,Technology,West,2,79.98,0,35.98
ORD00576,2/5/2024,CUST0246,Wireless Charging Pad,Electronics,West,1,26.99,0.1,12.49
ORD00884,2/5/2024,CUST0309,Ergonomic Office Chair,Furniture,North,1,179.99,0.1,41.99
ORD01894,2/5/2024,CUST0062,Portable Power Bank 20000mAh,Electronics,North,1,39.99,0,18.49
ORD02932,2/5/2024,CUST0306,Standing Desk Converter,Furniture,North,2,499.98,0,149.98
ORD02974,2/5/2024,CUST0011,Permanent Sticky Notes,Office Supplies,West,2,12.58,0.1,8.18
ORD02643,2/6/2024,CUST0014,Document Folder Set,Office Supplies,West,6,101.94,0,59.94
ORD00723,2/7/2024,CUST0216,HD Webcam 1080p,Technology,South,3,179.97,0,83.97
ORD00744,2/7/2024,CUST0072,Standing Desk Converter,Furniture,South,5,999.96,0.2,124.96
ORD01411,2/7/2024,CUST0265,Portable Power Bank 20000mAh,Electronics,South,6,239.94,0,110.94
ORD01461,2/7/2024,CUST0007,Spiral Notebooks (3-Pack),Office Supplies,South,1,12.74,0.15,6.94
ORD01489,2/7/2024,CUST0010,Whiteboard Markers,Office Supplies,West,5,54.58,0.05,32.08
ORD02046,2/7/2024,CUST0036,Ballpoint Pens (Pack of 12),Office Supplies,South,2,17.98,0,11.58
ORD02389,2/7/2024,CUST0038,Portable Power Bank 20000mAh,Electronics,South,5,189.95,0.05,82.45
ORD02645,2/7/2024,CUST0088,Heavy-Duty Stapler,Office Supplies,South,3,47.98,0.2,22.48
ORD02661,2/7/2024,CUST0064,Document Folder Set,Office Supplies,East,7,118.93,0,69.93
ORD00578,2/8/2024,CUST0117,Wireless Charging Pad,Electronics,North,3,80.97,0.1,37.47
ORD00639,2/8/2024,CUST0285,Whiteboard Markers,Office Supplies,West,3,32.75,0.05,19.25
ORD01923,2/8/2024,CUST0322,Noise-Canceling Headset,Technology,West,1,116.99,0.1,38.99
ORD00179,2/9/2024,CUST0369,External SSD 1TB,Technology,South,1,119.99,0,44.99
ORD00999,2/9/2024,CUST0178,Mechanical Keyboard,Technology,North,1,79.99,0,33.99
ORD01069,2/9/2024,CUST0293,Spiral Notebooks (3-Pack),Office Supplies,South,2,22.48,0.25,10.88
ORD02042,2/9/2024,CUST0002,Ballpoint Pens (Pack of 12),Office Supplies,South,3,21.58,0.2,11.98
ORD02143,2/9/2024,CUST0033,Heavy-Duty Stapler,Office Supplies,North,4,79.96,0,45.96
ORD02472,2/9/2024,CUST0095,Portable Power Bank 20000mAh,Electronics,South,2,79.98,0,36.98
ORD02618,2/9/2024,CUST0003,Surge Protector Power Strip,Electronics,South,4,103.96,0,53.96
ORD00429,2/10/2024,CUST0108,Ballpoint Pens (Pack of 12),Office Supplies,West,1,6.74,0.25,3.54
ORD00677,2/10/2024,CUST0242,Laptop Stand,Technology,East,3,107.97,0.1,41.97
ORD01976,2/10/2024,CUST0190,Heavy-Duty Stapler,Office Supplies,West,2,39.98,0,22.98
ORD00280,2/11/2024,CUST0241,HD Webcam 1080p,Technology,West,6,287.95,0.2,95.95
ORD01385,2/11/2024,CUST0230,Dual Monitor Arm,Technology,North,1,80.99,0.1,28.99
ORD02700,2/11/2024,CUST0184,Ergonomic Office Chair,Furniture,West,1,179.99,0.1,41.99
ORD02834,2/11/2024,CUST0068,Heavy-Duty Stapler,Office Supplies,North,2,39.98,0,22.98
ORD00333,2/12/2024,CUST0330,Desk Organizer Mesh,Furniture,North,4,99.96,0,53.96
ORD01154,2/12/2024,CUST0025,A4 Printer Paper (Ream),Office Supplies,South,2,22.08,0.15,8.48
ORD02132,2/12/2024,CUST0239,HDMI Cable 4K (6ft),Electronics,North,1,11.24,0.25,6.44
ORD02871,2/12/2024,CUST0139,Dual Monitor Arm,Technology,North,4,359.96,0,151.96
ORD02979,2/12/2024,CUST0008,USB-C Docking Station,Technology,East,1,149.99,0,54.99
ORD00024,2/13/2024,CUST0377,Whiteboard Markers,Office Supplies,West,2,22.98,0,13.98
ORD01014,2/13/2024,CUST0006,Surge Protector Power Strip,Electronics,South,2,46.78,0.1,21.78
ORD01482,2/13/2024,CUST0357,Dual Monitor Arm,Technology,West,2,179.98,0,75.98
ORD02341,2/13/2024,CUST0164,Document Folder Set,Office Supplies,North,1,16.99,0,9.99
ORD00702,2/14/2024,CUST0130,Laptop Stand,Technology,East,4,159.96,0,71.96
ORD01301,2/14/2024,CUST0103,HDMI Cable 4K (6ft),Electronics,North,7,89.19,0.15,55.59
ORD02471,2/14/2024,CUST0115,Permanent Sticky Notes,Office Supplies,North,2,9.79,0.3,5.39
ORD00033,2/15/2024,CUST0312,Laptop Stand,Technology,West,1,33.99,0.15,11.99
ORD00621,2/15/2024,CUST0150,Spiral Notebooks (3-Pack),Office Supplies,West,1,12.74,0.15,6.94
ORD00990,2/15/2024,CUST0152,A4 Printer Paper (Ream),Office Supplies,North,2,19.48,0.25,5.88
ORD01705,2/15/2024,CUST0122,Standing Desk Converter,Furniture,South,2,499.98,0,149.98
ORD02311,2/15/2024,CUST0008,Heavy-Duty Stapler,Office Supplies,South,1,13.99,0.3,5.49
ORD00695,2/16/2024,CUST0104,Permanent Sticky Notes,Office Supplies,West,2,13.98,0,9.58
ORD01186,2/16/2024,CUST0169,External SSD 1TB,Technology,South,1,101.99,0.15,26.99
ORD01771,2/16/2024,CUST0133,Noise-Canceling Headset,Technology,South,1,129.99,0,51.99
ORD01816,2/16/2024,CUST0009,Spiral Notebooks (3-Pack),Office Supplies,North,2,26.98,0.1,15.38
ORD01860,2/16/2024,CUST0020,Adjustable Footrest,Furniture,East,1,29.74,0.15,11.74
ORD02004,2/16/2024,CUST0060,Wireless Charging Pad,Electronics,North,3,71.98,0.2,28.48
ORD01279,2/17/2024,CUST0094,Laptop Stand,Technology,East,3,107.97,0.1,41.97
ORD01648,2/17/2024,CUST0073,Heavy-Duty Stapler,Office Supplies,North,4,75.96,0.05,41.96
ORD01948,2/17/2024,CUST0089,HDMI Cable 4K (6ft),Electronics,North,3,44.97,0,30.57
ORD02248,2/17/2024,CUST0241,Ballpoint Pens (Pack of 12),Office Supplies,South,3,26.97,0,17.37
ORD02306,2/17/2024,CUST0227,Standing Desk Converter,Furniture,East,1,237.49,0.05,62.49
ORD02324,2/17/2024,CUST0183,HDMI Cable 4K (6ft),Electronics,South,1,11.99,0.2,7.19
ORD02813,2/17/2024,CUST0016,Standing Desk Converter,Furniture,South,1,212.49,0.15,37.49
ORD00563,2/18/2024,CUST0006,External SSD 1TB,Technology,East,1,119.99,0,44.99
ORD00627,2/18/2024,CUST0133,USB-C Docking Station,Technology,East,2,284.98,0.05,94.98
ORD01158,2/18/2024,CUST0227,Ballpoint Pens (Pack of 12),Office Supplies,South,1,7.64,0.15,4.44
ORD02171,2/18/2024,CUST0221,USB-C Docking Station,Technology,North,1,127.49,0.15,32.49
ORD00077,2/19/2024,CUST0205,Surge Protector Power Strip,Electronics,West,2,41.58,0.2,16.58
ORD00362,2/19/2024,CUST0158,HD Webcam 1080p,Technology,South,1,53.99,0.1,21.99
ORD02089,2/19/2024,CUST0220,Whiteboard Markers,Office Supplies,North,5,57.45,0,34.95
ORD02235,2/19/2024,CUST0061,USB-C Docking Station,Technology,North,1,149.99,0,54.99
ORD02948,2/19/2024,CUST0376,Spiral Notebooks (3-Pack),Office Supplies,East,2,29.98,0,18.38
ORD02971,2/19/2024,CUST0078,Laptop Stand,Technology,North,2,79.98,0,35.98
ORD02858,2/20/2024,CUST0008,Whiteboard Markers,Office Supplies,South,1,11.49,0,6.99
ORD00028,2/21/2024,CUST0019,USB-C Docking Station,Technology,South,2,239.98,0.2,49.98
ORD00050,2/21/2024,CUST0362,A4 Printer Paper (Ream),Office Supplies,West,8,88.33,0.15,33.93
ORD00093,2/21/2024,CUST0098,Spiral Notebooks (3-Pack),Office Supplies,South,3,44.97,0,27.57
ORD00970,2/21/2024,CUST0309,Heavy-Duty Stapler,Office Supplies,South,4,67.97,0.15,33.97
ORD01854,2/21/2024,CUST0012,Spiral Notebooks (3-Pack),Office Supplies,East,5,52.46,0.3,23.46
ORD02803,2/21/2024,CUST0139,Permanent Sticky Notes,Office Supplies,South,3,20.97,0,14.37
ORD02288,2/22/2024,CUST0154,Mechanical Keyboard,Technology,South,2,159.98,0,67.98
ORD02653,2/22/2024,CUST0012,Dual Monitor Arm,Technology,West,3,242.97,0.1,86.97
ORD02812,2/22/2024,CUST0311,Dual Monitor Arm,Technology,East,5,337.46,0.25,77.46
ORD00060,2/23/2024,CUST0047,Permanent Sticky Notes,Office Supplies,North,2,10.48,0.25,6.08
ORD00351,2/23/2024,CUST0179,Dual Monitor Arm,Technology,North,3,242.97,0.1,86.97
ORD01753,2/23/2024,CUST0054,HDMI Cable 4K (6ft),Electronics,West,1,13.49,0.1,8.69
ORD01908,2/23/2024,CUST0060,Filing Cabinet,Furniture,North,1,143.99,0.1,31.99
ORD02868,2/23/2024,CUST0047,Ballpoint Pens (Pack of 12),Office Supplies,East,2,15.28,0.15,8.88
ORD02980,2/23/2024,CUST0001,Mechanical Keyboard,Technology,North,1,79.99,0,33.99
ORD00540,2/24/2024,CUST0007,A4 Printer Paper (Ream),Office Supplies,North,5,64.95,0,30.95
ORD00126,2/25/2024,CUST0002,Spiral Notebooks (3-Pack),Office Supplies,West,2,20.99,0.3,9.39
ORD01710,2/25/2024,CUST0018,External SSD 1TB,Technology,North,3,251.98,0.3,26.98
ORD01904,2/25/2024,CUST0198,A4 Printer Paper (Ream),Office Supplies,West,1,11.69,0.1,4.89
ORD02494,2/25/2024,CUST0003,Ballpoint Pens (Pack of 12),Office Supplies,North,4,26.97,0.25,14.17
ORD02787,2/25/2024,CUST0023,Dual Monitor Arm,Technology,South,3,256.47,0.05,100.47
ORD02830,2/25/2024,CUST0088,Filing Cabinet,Furniture,East,3,479.97,0,143.97
ORD00134,2/26/2024,CUST0129,A4 Printer Paper (Ream),Office Supplies,North,3,38.97,0,18.57
ORD01173,2/26/2024,CUST0375,Ballpoint Pens (Pack of 12),Office Supplies,North,1,7.64,0.15,4.44
ORD01214,2/26/2024,CUST0221,Bluetooth Speaker,Electronics,North,2,84.98,0.15,28.98
ORD02096,3/21/2023,CUST0143,Desk Organizer Mesh,Furniture,East,1,17.49,0.3,5.99
ORD01359,2/26/2024,CUST0204,Adjustable Footrest,Furniture,East,1,34.99,0,16.99
ORD00051,2/27/2024,CUST0001,Ballpoint Pens (Pack of 12),Office Supplies,West,2,16.18,0.1,9.78
ORD00818,2/27/2024,CUST0231,USB-C Docking Station,Technology,East,1,142.49,0.05,47.49
ORD00768,2/28/2024,CUST0329,Mechanical Keyboard,Technology,South,3,239.97,0,101.97
ORD01856,2/28/2024,CUST0209,A4 Printer Paper (Ream),Office Supplies,West,4,36.37,0.3,9.17
ORD02373,2/28/2024,CUST0013,Dual Monitor Arm,Technology,West,9,728.92,0.1,260.92
ORD02614,2/28/2024,CUST0106,External SSD 1TB,Technology,West,1,119.99,0,44.99
ORD02763,2/28/2024,CUST0322,Mechanical Keyboard,Technology,South,4,319.96,0,135.96
ORD01051,2/29/2024,CUST0056,A4 Printer Paper (Ream),Office Supplies,East,2,22.08,0.15,8.48
ORD01195,2/29/2024,CUST0166,Ergonomic Office Chair,Furniture,North,3,599.97,0,185.97
ORD02445,2/29/2024,CUST0063,Ballpoint Pens (Pack of 12),Office Supplies,North,6,40.45,0.25,21.25
ORD00290,3/1/2024,CUST0193,Portable Power Bank 20000mAh,Electronics,West,4,135.97,0.15,49.97
ORD00404,3/1/2024,CUST0075,Adjustable Footrest,Furniture,East,3,104.97,0,50.97
ORD01170,3/1/2024,CUST0029,Wireless Laser Presenter,Electronics,South,2,41.38,0.1,22.38
ORD01184,3/1/2024,CUST0107,Wireless Charging Pad,Electronics,East,1,29.99,0,15.49
ORD02161,3/1/2024,CUST0219,Dual Monitor Arm,Technology,West,1,76.49,0.15,24.49
ORD02263,3/1/2024,CUST0322,Wireless Laser Presenter,Electronics,North,2,39.08,0.15,20.08
ORD02668,3/1/2024,CUST0258,Bookshelf 4-Tier,Furniture,West,1,101.99,0.15,19.99
ORD01039,3/2/2024,CUST0268,Spiral Notebooks (3-Pack),Office Supplies,South,2,20.99,0.3,9.39
ORD01484,3/2/2024,CUST0124,Ergonomic Office Chair,Furniture,South,6,1139.94,0.05,311.94
ORD00183,3/3/2024,CUST0038,Bookshelf 4-Tier,Furniture,North,7,797.93,0.05,223.93
ORD00550,3/3/2024,CUST0179,Portable Power Bank 20000mAh,Electronics,South,5,169.96,0.15,62.46
ORD01686,3/3/2024,CUST0001,Adjustable Footrest,Furniture,North,1,31.49,0.1,13.49
ORD02289,3/3/2024,CUST0361,USB-C Docking Station,Technology,North,1,142.49,0.05,47.49
ORD00866,3/4/2024,CUST0016,Bookshelf 4-Tier,Furniture,East,4,431.96,0.1,103.96
ORD01165,3/4/2024,CUST0094,Noise-Canceling Headset,Technology,North,5,649.95,0,259.95
ORD01350,3/4/2024,CUST0122,Whiteboard Markers, Furniture,East,4,45.96,0,27.96
ORD02104,3/4/2024,CUST0130,Lumbar Support Cushion,Furniture,West,2,56.98,0.05,28.98
ORD02126,3/4/2024,CUST0252,Noise-Canceling Headset,Technology,South,1,129.99,0,51.99
ORD02498,3/4/2024,CUST0050,Ergonomic Office Chair,Furniture,South,1,179.99,0.1,41.99
ORD00437,3/5/2024,CUST0020,Portable Power Bank 20000mAh,Electronics,North,10,379.91,0.05,164.91
ORD00456,3/5/2024,CUST0358,HDMI Cable 4K (6ft),Electronics,West,2,29.98,0,20.38
ORD00642,3/5/2024,CUST0193,Lumbar Support Cushion,Furniture,South,2,56.98,0.05,28.98
ORD00749,3/5/2024,CUST0042,Whiteboard Markers,Office Supplies,South,1,9.19,0.2,4.69
ORD01645,3/5/2024,CUST0269,USB-C Docking Station,Technology,East,1,149.99,0,54.99
ORD02113,3/5/2024,CUST0129,Standing Desk Converter,Furniture,North,2,399.98,0.2,49.98
ORD02245,3/5/2024,CUST0223,HD Webcam 1080p,Technology,East,2,119.98,0,55.98
ORD02929,3/5/2024,CUST0007,Permanent Sticky Notes,Office Supplies,North,1,6.99,0,4.79
ORD02985,3/5/2024,CUST0371,Wireless Charging Pad,Electronics,South,8,239.92,0,123.92
ORD02944,3/6/2024,CUST0163,Ergonomic Office Chair,Furniture,North,1,199.99,0,61.99
ORD00080,3/7/2024,CUST0030,Laptop Stand,Technology,East,1,29.99,0.25,7.99
ORD00159,3/7/2024,CUST0113,Whiteboard Markers,Office Supplies,South,2,21.83,0.05,12.83
ORD01968,3/7/2024,CUST0005,Standing Desk Converter,Furniture,South,2,499.98,0,149.98
ORD02613,3/7/2024,CUST0272,External SSD 1TB,Technology,North,4,455.96,0.05,155.96
ORD00982,3/8/2024,CUST0296,Surge Protector Power Strip,Electronics,East,2,51.98,0,26.98
ORD01062,3/8/2024,CUST0371,Laptop Stand,Technology,West,1,37.99,0.05,15.99
ORD01290,3/8/2024,CUST0101,Laptop Stand,Technology,South,3,101.97,0.15,35.97
ORD01691,3/8/2024,CUST0068,HD Webcam 1080p,Technology,North,3,143.98,0.2,47.98
ORD02133,3/8/2024,CUST0171,Portable Power Bank 20000mAh,Electronics,West,1,31.99,0.2,10.49
ORD02805,3/8/2024,CUST0071,Spiral Notebooks (3-Pack),Office Supplies,North,1,14.99,0,9.19
ORD02846,3/8/2024,CUST0126,Wireless Charging Pad,Electronics,North,6,179.94,0,92.94
ORD01093,3/9/2024,CUST0353,Heavy-Duty Stapler,Office Supplies,North,2,33.98,0.15,16.98
ORD01241,3/9/2024,CUST0045,Adjustable Footrest,Furniture,West,1,31.49,0.1,13.49
ORD02424,3/9/2024,CUST0306,Ergonomic Office Chair,Furniture,South,2,339.98,0.15,63.98
ORD02461,3/9/2024,CUST0126,Whiteboard Markers,Office Supplies,East,2,17.23,0.25,8.23
ORD01365,3/10/2024,CUST0019,Laptop Stand,Technology,South,4,159.96,0,71.96
ORD02416,3/10/2024,CUST0334,Permanent Sticky Notes,Office Supplies,South,1,5.59,0.2,3.39
ORD00923,3/11/2024,CUST0188,Heavy-Duty Stapler,Office Supplies,North,2,39.98,0,22.98
ORD01145,3/11/2024,CUST0303,Document Folder Set,Office Supplies,South,2,33.98,0,19.98
ORD01500,3/11/2024,CUST0012,Ergonomic Office Chair,Furniture,East,1,199.99,0,61.99
ORD01595,3/11/2024,CUST0008,Bookshelf 4-Tier,Furniture,East,1,119.99,0,37.99
ORD01685,3/11/2024,CUST0050,Lumbar Support Cushion,Furniture,North,1,29.99,0,15.99
ORD02527,3/11/2024,CUST0372,Document Folder Set,Office Supplies,North,5,76.45,0.1,41.45
ORD02848,3/11/2024,CUST0230,Noise-Canceling Headset,Technology,North,3,389.97,0,155.97
ORD01147,3/12/2024,CUST0085,Bookshelf 4-Tier,Furniture,West,1,119.99,0,37.99
ORD01628,3/12/2024,CUST0137,Desk Organizer Mesh,Furniture,West,6,142.44,0.05,73.44
ORD02189,3/12/2024,CUST0230,Lumbar Support Cushion,Furniture,East,2,59.98,0,31.98
ORD02712,3/12/2024,CUST0099,Ergonomic Office Chair,Furniture,West,9,1799.91,0,557.91
ORD00830,3/13/2024,CUST0188,Document Folder Set,Office Supplies,South,1,16.99,0,9.99
ORD01213,3/13/2024,CUST0030,Desk Organizer Mesh,Furniture,East,2,49.98,0,26.98
ORD02757,3/13/2024,CUST0012,Desk Organizer Mesh,Furniture,South,4,99.96,0,53.96
ORD01391,3/14/2024,CUST0051,A4 Printer Paper (Ream),Office Supplies,North,7,86.38,0.05,38.78
ORD00397,3/15/2024,CUST0044,Dual Monitor Arm,Technology,East,1,80.99,0.1,28.99
ORD00506,3/15/2024,CUST0356,Ergonomic Office Chair,Furniture,East,3,449.98,0.25,35.98
ORD01303,3/15/2024,CUST0363,Whiteboard Markers,Office Supplies,East,1,11.49,0,6.99
ORD01304,3/15/2024,CUST0029,Mechanical Keyboard,Technology,North,1,79.99,0,33.99
ORD00062,3/16/2024,CUST0240,Ballpoint Pens (Pack of 12),Office Supplies,South,2,17.98,0,11.58
ORD00178,3/16/2024,CUST0008,Permanent Sticky Notes,Office Supplies,East,3,20.97,0,14.37
ORD01944,3/16/2024,CUST0005,Spiral Notebooks (3-Pack),Office Supplies,South,8,107.93,0.1,61.53
ORD02031,3/16/2024,CUST0001,Spiral Notebooks (3-Pack),Office Supplies,South,2,29.98,0,18.38
ORD00256,3/17/2024,CUST0011,Dual Monitor Arm,Technology,West,2,179.98,0,75.98
ORD01217,3/17/2024,CUST0015,Adjustable Footrest,Furniture,North,2,66.48,0.05,30.48
ORD01769,3/17/2024,CUST0259,Adjustable Footrest,Furniture,North,1,34.99,0,16.99
ORD02553,3/17/2024,CUST0298,Ballpoint Pens (Pack of 12),Office Supplies,South,7,59.78,0.05,37.38
ORD02930,3/17/2024,CUST0007,Ergonomic Office Chair,Furniture,South,1,199.99,0,61.99
ORD02157,3/18/2024,CUST0007,Document Folder Set,Office Supplies,South,1,15.29,0.1,8.29
ORD01692,3/19/2024,CUST0355,Permanent Sticky Notes,Office Supplies,South,1,6.64,0.05,4.44
ORD01927,3/19/2024,CUST0050,Noise-Canceling Headset,Technology,East,3,389.97,0,155.97
ORD02739,3/19/2024,CUST0277,Ergonomic Office Chair,Furniture,North,3,569.97,0.05,155.97
ORD00407,3/20/2024,CUST0008,Heavy-Duty Stapler,Office Supplies,South,3,50.97,0.15,25.47
ORD01018,3/20/2024,CUST0158,Mechanical Keyboard,Technology,South,2,159.98,0,67.98
ORD01273,3/20/2024,CUST0062,Surge Protector Power Strip,Electronics,North,1,25.99,0,13.49
ORD00424,3/21/2024,CUST0173,Dual Monitor Arm,Technology,South,1,76.49,0.15,24.49
ORD00570,3/21/2024,CUST0166,Wireless Laser Presenter,Electronics,East,1,20.69,0.1,11.19
ORD00620,3/21/2024,CUST0006,Dual Monitor Arm,Technology,North,1,89.99,0,37.99
ORD00792,3/21/2024,CUST0130,Adjustable Footrest,Furniture,North,3,104.97,0,50.97
ORD00801,3/21/2024,CUST0120,Whiteboard Markers,Office Supplies,North,2,19.53,0.15,10.53
ORD02825,3/21/2024,CUST0157,USB-C Docking Station,Technology,East,5,712.45,0.05,237.45
ORD01208,3/22/2024,CUST0350,Document Folder Set,Office Supplies,East,2,32.28,0.05,18.28
ORD01483,3/22/2024,CUST0182,Desk Organizer Mesh,Furniture,North,4,99.96,0,53.96
ORD01574,3/22/2024,CUST0038,Standing Desk Converter,Furniture,East,3,712.47,0.05,187.47
ORD02074,3/22/2024,CUST0205,Bluetooth Speaker,Electronics,South,1,49.99,0,21.99
ORD02339,3/22/2024,CUST0105,A4 Printer Paper (Ream),Office Supplies,West,1,12.34,0.05,5.54
ORD02800,3/22/2024,CUST0253,External SSD 1TB,Technology,North,1,119.99,0,44.99
ORD01238,3/23/2024,CUST0253,Laptop Stand,Technology,South,1,39.99,0,17.99
ORD02059,3/23/2024,CUST0064,External SSD 1TB,Technology,North,4,335.97,0.3,35.97
ORD00204,3/24/2024,CUST0002,Adjustable Footrest,Furniture,North,2,69.98,0,33.98
ORD00230,3/24/2024,CUST0002,Noise-Canceling Headset,Technology,East,2,194.99,0.25,38.99
ORD00575,3/24/2024,CUST0062,Bluetooth Speaker,Electronics,South,2,99.98,0,43.98
ORD00936,3/24/2024,CUST0111,Heavy-Duty Stapler,Office Supplies,North,2,37.98,0.05,20.98
ORD01046,3/24/2024,CUST0248,Bluetooth Speaker,Electronics,West,4,179.96,0.1,67.96
ORD01818,3/24/2024,CUST0040,HD Webcam 1080p,Technology,East,1,47.99,0.2,15.99
ORD01850,3/24/2024,CUST0101,Standing Desk Converter,Furniture,North,2,449.98,0.1,99.98
ORD02191,3/24/2024,CUST0314,External SSD 1TB,Technology,East,2,167.99,0.3,17.99
ORD02543,3/24/2024,CUST0269,Adjustable Footrest,Furniture,North,2,55.98,0.2,19.98
ORD02596,3/24/2024,CUST0036,HDMI Cable 4K (6ft),Electronics,North,2,29.98,0,20.38
ORD02713,3/24/2024,CUST0168,Heavy-Duty Stapler,Office Supplies,South,1,18.99,0.05,10.49
ORD00737,3/25/2024,CUST0289,Bookshelf 4-Tier,Furniture,West,5,599.95,0,189.95
ORD02678,3/25/2024,CUST0333,Dual Monitor Arm,Technology,South,2,125.99,0.3,21.99
ORD00128,3/26/2024,CUST0007,Bluetooth Speaker,Electronics,East,2,89.98,0.1,33.98
ORD00395,3/26/2024,CUST0054,HD Webcam 1080p,Technology,North,2,107.98,0.1,43.98
ORD02436,3/26/2024,CUST0325,HDMI Cable 4K (6ft),Electronics,South,1,14.99,0,10.19
ORD02457,3/26/2024,CUST0361,Ergonomic Office Chair,Furniture,East,1,199.99,0,61.99
ORD00388,3/27/2024,CUST0087,HDMI Cable 4K (6ft),Electronics,North,3,44.97,0,30.57
ORD00892,3/27/2024,CUST0032,Mechanical Keyboard,Technology,East,3,167.98,0.3,29.98
ORD01865,3/27/2024,CUST0196,Surge Protector Power Strip,Electronics,East,4,103.96,0,53.96
ORD02305,3/27/2024,CUST0082,Standing Desk Converter,Furniture,North,7,1399.94,0.2,174.94
ORD02724,3/27/2024,CUST0005,Portable Power Bank 20000mAh,Electronics,East,1,35.99,0.1,14.49
ORD02364,3/28/2024,CUST0036,Surge Protector Power Strip,Electronics,East,1,25.99,0,13.49
ORD00480,3/29/2024,CUST0233,Adjustable Footrest,Furniture,South,3,104.97,0,50.97
ORD00673,3/29/2024,CUST0029,Surge Protector Power Strip,Electronics,South,4,98.76,0.05,48.76
ORD00903,3/29/2024,CUST0038,HDMI Cable 4K (6ft),Electronics,East,2,25.48,0.15,15.88
ORD01747,3/29/2024,CUST0051,Document Folder Set,Office Supplies,North,4,57.77,0.15,29.77
ORD01939,3/29/2024,CUST0018,External SSD 1TB,Technology,West,1,95.99,0.2,20.99
ORD02068,3/29/2024,CUST0013,Portable Power Bank 20000mAh,Electronics,East,1,33.99,0.15,12.49
ORD01194,3/30/2024,CUST0213,Bookshelf 4-Tier,Furniture,South,4,479.96,0,151.96
ORD01969,3/30/2024,CUST0224,Dual Monitor Arm,Technology,South,1,80.99,0.1,28.99
ORD02585,3/30/2024,CUST0329,Whiteboard Markers,Office Supplies,South,3,34.47,0,20.97
ORD02615,3/30/2024,CUST0024,Laptop Stand,Technology,South,3,89.98,0.25,23.98
ORD00659,3/31/2024,CUST0011,Portable Power Bank 20000mAh,Electronics,North,2,71.98,0.1,28.98
ORD02454,3/31/2024,CUST0354,Permanent Sticky Notes,Office Supplies,East,2,13.98,0,9.58
ORD02590,3/31/2024,CUST0183,HD Webcam 1080p,Technology,North,3,179.97,0,83.97
ORD02888,3/31/2024,CUST0091,Dual Monitor Arm,Technology,North,5,359.96,0.2,99.96
ORD00902,4/1/2024,CUST0294,HD Webcam 1080p,Technology,West,3,179.97,0,83.97
ORD02943,4/1/2024,CUST0247,Standing Desk Converter,Furniture,South,1,224.99,0.1,49.99
ORD00650,4/2/2024,CUST0304,Bookshelf 4-Tier,Furniture,South,7,671.94,0.2,97.94
ORD01347,4/2/2024,CUST0204,Whiteboard Markers,Office Supplies,West,1,11.49,0,6.99
ORD01736,4/2/2024,CUST0129,Dual Monitor Arm,Technology,West,1,67.49,0.25,15.49
ORD02184,4/2/2024,CUST0012,Document Folder Set,Office Supplies,North,2,23.79,0.3,9.79
ORD02434,4/2/2024,CUST0076,Bookshelf 4-Tier,Furniture,East,1,113.99,0.05,31.99
ORD02665,4/2/2024,CUST0017,Surge Protector Power Strip,Electronics,North,5,129.95,0,67.45
ORD02328,4/3/2024,CUST0336,Whiteboard Markers,Office Supplies,East,3,32.75,0.05,19.25
ORD02358,4/3/2024,CUST0280,Mechanical Keyboard,Technology,South,5,359.95,0.1,129.95
ORD00205,4/4/2024,CUST0026,Noise-Canceling Headset,Technology,West,6,779.94,0,311.94
ORD00213,4/4/2024,CUST0151,Bluetooth Speaker,Electronics,North,4,189.96,0.05,77.96
ORD00471,4/4/2024,CUST0016,Surge Protector Power Strip,Electronics,West,1,25.99,0,13.49
ORD01112,4/4/2024,CUST0044,Bookshelf 4-Tier,Furniture,North,2,239.98,0,75.98
ORD01886,4/4/2024,CUST0010,Heavy-Duty Stapler,Office Supplies,East,1,15.99,0.2,7.49
ORD02128,4/4/2024,CUST0010,Ballpoint Pens (Pack of 12),Office Supplies,West,3,25.62,0.05,16.02
ORD02842,4/4/2024,CUST0130,Whiteboard Markers,Office Supplies,West,6,62.05,0.1,35.05
ORD00716,4/5/2024,CUST0092,Adjustable Footrest,Furniture,East,1,33.24,0.05,15.24
ORD00843,4/5/2024,CUST0356,Dual Monitor Arm,Technology,North,4,359.96,0,151.96
ORD01708,4/5/2024,CUST0014,HDMI Cable 4K (6ft),Electronics,South,2,29.98,0,20.38
ORD02323,4/5/2024,CUST0352,Noise-Canceling Headset,Technology,East,2,233.98,0.1,77.98
ORD00210,4/6/2024,CUST0301,HDMI Cable 4K (6ft),Electronics,North,2,29.98,0,20.38
ORD00370,4/6/2024,CUST0153,Bluetooth Speaker,Electronics,East,1,49.99,0,21.99
ORD00995,4/6/2024,CUST0316,Adjustable Footrest,Furniture,East,1,33.24,0.05,15.24
ORD01681,4/6/2024,CUST0103,Spiral Notebooks (3-Pack),Office Supplies,South,2,29.98,0,18.38
ORD00160,4/7/2024,CUST0104,Bluetooth Speaker,Electronics,East,6,269.95,0.1,101.95
ORD02026,4/7/2024,CUST0039,Dual Monitor Arm,Technology,East,2,161.98,0.1,57.98
ORD00430,4/8/2024,CUST0125,Heavy-Duty Stapler,Office Supplies,South,4,79.96,0,45.96
ORD00698,4/8/2024,CUST0083,Adjustable Footrest,Furniture,North,1,34.99,0,16.99
ORD02016,4/8/2024,CUST0345,Bookshelf 4-Tier,Furniture,East,1,113.99,0.05,31.99
ORD02160,4/8/2024,CUST0018,Heavy-Duty Stapler,Office Supplies,West,6,107.95,0.1,56.95
ORD02468,4/8/2024,CUST0107,USB-C Docking Station,Technology,North,2,299.98,0,109.98
ORD02567,4/8/2024,CUST0027,USB-C Docking Station,Technology,North,7,997.43,0.05,332.43
ORD02669,4/8/2024,CUST0129,Noise-Canceling Headset,Technology,South,1,103.99,0.2,25.99
ORD00860,4/9/2024,CUST0002,Permanent Sticky Notes,Office Supplies,North,4,26.56,0.05,17.76
ORD00961,4/9/2024,CUST0178,Heavy-Duty Stapler,Office Supplies,East,2,39.98,0,22.98
ORD01569,4/9/2024,CUST0001,Dual Monitor Arm,Technology,West,3,256.47,0.05,100.47
ORD02303,4/9/2024,CUST0070,HD Webcam 1080p,Technology,East,5,224.96,0.25,64.96
ORD02649,4/9/2024,CUST0018,HDMI Cable 4K (6ft),Electronics,North,5,74.95,0,50.95
ORD02659,4/9/2024,CUST0068,Spiral Notebooks (3-Pack),Office Supplies,West,1,12.74,0.15,6.94
ORD02914,4/9/2024,CUST0033,HD Webcam 1080p,Technology,West,4,179.97,0.25,51.97
ORD00034,4/10/2024,CUST0037,Spiral Notebooks (3-Pack),Office Supplies,West,2,26.98,0.1,15.38
ORD00154,4/10/2024,CUST0006,HD Webcam 1080p,Technology,East,1,50.99,0.15,18.99
ORD00595,4/10/2024,CUST0299,HD Webcam 1080p,Technology,South,3,170.97,0.05,74.97
ORD00745,4/10/2024,CUST0006,Adjustable Footrest,Furniture,West,4,125.96,0.1,53.96
ORD01067,4/10/2024,CUST0007,Document Folder Set,Office Supplies,South,1,16.99,0,9.99
ORD01361,4/10/2024,CUST0124,Portable Power Bank 20000mAh,Electronics,East,3,119.97,0,55.47
ORD02552,4/10/2024,CUST0309,Mechanical Keyboard,Technology,North,1,79.99,0,33.99
ORD00125,4/11/2024,CUST0333,Wireless Laser Presenter,Electronics,North,2,36.78,0.2,17.78
ORD00890,4/11/2024,CUST0349,A4 Printer Paper (Ream),Office Supplies,East,1,9.09,0.3,2.29
ORD01400,4/11/2024,CUST0072,Lumbar Support Cushion,Furniture,East,2,50.98,0.15,22.98
ORD02379,4/11/2024,CUST0016,Dual Monitor Arm,Technology,East,1,76.49,0.15,24.49
ORD00524,4/12/2024,CUST0034,Lumbar Support Cushion,Furniture,South,2,47.98,0.2,19.98
ORD01169,4/12/2024,CUST0052,Wireless Charging Pad,Electronics,South,4,101.97,0.15,43.97
ORD01743,4/12/2024,CUST0375,USB-C Docking Station,Technology,East,2,299.98,0,109.98
ORD02284,4/12/2024,CUST0006,A4 Printer Paper (Ream),Office Supplies,East,2,25.98,0,12.38
ORD02616,4/12/2024,CUST0049,Portable Power Bank 20000mAh,Electronics,East,9,341.91,0.05,148.41
ORD00040,4/13/2024,CUST0044,Heavy-Duty Stapler,Office Supplies,North,3,56.97,0.05,31.47
ORD00345,4/13/2024,CUST0007,Filing Cabinet,Furniture,South,3,407.97,0.15,71.97
ORD00503,4/13/2024,CUST0012,Surge Protector Power Strip,Electronics,West,2,46.78,0.1,21.78
ORD00722,4/13/2024,CUST0127,Heavy-Duty Stapler,Office Supplies,North,2,39.98,0,22.98
ORD01879,4/13/2024,CUST0345,Wireless Laser Presenter,Electronics,South,3,65.52,0.05,37.02
ORD02810,4/13/2024,CUST0223,Surge Protector Power Strip,Electronics,North,2,41.58,0.2,16.58
ORD02828,4/13/2024,CUST0042,Ballpoint Pens (Pack of 12),Office Supplies,East,3,21.58,0.2,11.98
ORD01395,4/14/2024,CUST0334,Bookshelf 4-Tier,Furniture,North,8,959.92,0,303.92
ORD02188,4/14/2024,CUST0112,Laptop Stand,Technology,West,1,39.99,0,17.99
ORD00269,4/15/2024,CUST0319,Bookshelf 4-Tier,Furniture,East,5,539.95,0.1,129.95
ORD00946,4/15/2024,CUST0002,HD Webcam 1080p,Technology,West,1,53.99,0.1,21.99
ORD02549,4/15/2024,CUST0239,Permanent Sticky Notes,Office Supplies,South,2,11.18,0.2,6.78
ORD01354,4/16/2024,CUST0012,HDMI Cable 4K (6ft),Electronics,North,4,59.96,0,40.76
ORD01829,4/16/2024,CUST0132,Whiteboard Markers,Office Supplies,West,3,29.3,0.15,15.8
ORD02238,4/16/2024,CUST0152,Heavy-Duty Stapler,Office Supplies,West,4,59.97,0.25,25.97
ORD02450,4/16/2024,CUST0260,A4 Printer Paper (Ream),Office Supplies,North,2,22.08,0.15,8.48
ORD02820,4/16/2024,CUST0323,Ballpoint Pens (Pack of 12),Office Supplies,West,2,14.38,0.2,7.98
ORD00350,4/17/2024,CUST0340,Noise-Canceling Headset,Technology,South,3,331.47,0.15,97.47
ORD01175,4/17/2024,CUST0062,Document Folder Set,Office Supplies,North,1,16.99,0,9.99
ORD01439,4/17/2024,CUST0037,HDMI Cable 4K (6ft),Electronics,North,2,28.48,0.05,18.88
ORD01487,4/17/2024,CUST0002,Document Folder Set,Office Supplies,South,4,61.16,0.1,33.16
ORD01716,4/17/2024,CUST0102,Mechanical Keyboard,Technology,West,5,319.96,0.2,89.96
ORD02741,4/17/2024,CUST0049,Bookshelf 4-Tier,Furniture,East,2,239.98,0,75.98
ORD00906,4/18/2024,CUST0198,A4 Printer Paper (Ream),Office Supplies,North,4,51.96,0,24.76
ORD00964,4/18/2024,CUST0012,HD Webcam 1080p,Technology,West,5,299.95,0,139.95
ORD01906,4/19/2024,CUST0057,Filing Cabinet,Furniture,North,2,319.98,0,95.98
ORD02141,4/19/2024,CUST0320,A4 Printer Paper (Ream),Office Supplies,West,4,51.96,0,24.76
ORD02378,4/19/2024,CUST0052,Document Folder Set,Office Supplies,South,2,33.98,0,19.98
ORD02620,4/19/2024,CUST0304,A4 Printer Paper (Ream),Office Supplies,North,2,25.98,0,12.38
ORD00967,4/20/2024,CUST0097,HDMI Cable 4K (6ft),Electronics,East,1,14.99,0,10.19
ORD01709,4/20/2024,CUST0170,Heavy-Duty Stapler,Office Supplies,South,3,41.98,0.3,16.48
ORD02112,4/20/2024,CUST0314,Wireless Laser Presenter,Electronics,East,2,39.08,0.15,20.08
ORD00136,4/21/2024,CUST0312,A4 Printer Paper (Ream),Office Supplies,North,7,63.65,0.3,16.05
ORD00785,4/21/2024,CUST0130,Noise-Canceling Headset,Technology,West,2,246.98,0.05,90.98
ORD02252,4/21/2024,CUST0148,Spiral Notebooks (3-Pack),Office Supplies,East,1,13.49,0.1,7.69
ORD02396,4/21/2024,CUST0110,Permanent Sticky Notes,Office Supplies,South,3,18.87,0.1,12.27
ORD01638,4/22/2024,CUST0231,Filing Cabinet,Furniture,North,2,223.99,0.3,-0.01
ORD02088,4/22/2024,CUST0353,Wireless Charging Pad,Electronics,West,2,50.98,0.15,21.98
ORD01546,4/23/2024,CUST0217,Surge Protector Power Strip,Electronics,West,1,23.39,0.1,10.89
ORD02658,4/23/2024,CUST0235,Adjustable Footrest,Furniture,East,1,34.99,0,16.99
ORD00016,4/24/2024,CUST0114,Bluetooth Speaker,Electronics,East,1,39.99,0.2,11.99
ORD00110,4/24/2024,CUST0187,Ballpoint Pens (Pack of 12),Office Supplies,East,2,17.98,0,11.58
ORD01155,4/24/2024,CUST0204,Lumbar Support Cushion,Furniture,North,5,149.95,0,79.95
ORD02575,4/24/2024,CUST0072,A4 Printer Paper (Ream),Office Supplies,West,2,25.98,0,12.38
ORD00532,4/25/2024,CUST0280,Bluetooth Speaker,Electronics,East,1,49.99,0,21.99
ORD02233,4/25/2024,CUST0002,Ergonomic Office Chair,Furniture,North,1,179.99,0.1,41.99
ORD01790,4/26/2024,CUST0002,HDMI Cable 4K (6ft),Electronics,North,2,28.48,0.05,18.88
ORD01961,4/26/2024,CUST0305,Ergonomic Office Chair,Furniture,South,1,199.99,0,61.99
ORD02175,4/26/2024,CUST0023,A4 Printer Paper (Ream),Office Supplies,East,4,46.76,0.1,19.56
ORD02565,4/26/2024,CUST0375,Permanent Sticky Notes,Office Supplies,East,5,27.96,0.2,16.96
ORD00846,4/27/2024,CUST0316,A4 Printer Paper (Ream),Office Supplies,East,1,12.99,0,6.19
ORD00276,4/28/2024,CUST0007,Heavy-Duty Stapler,Office Supplies,West,8,159.92,0,91.92
ORD01634,4/28/2024,CUST0047,Heavy-Duty Stapler,Office Supplies,North,2,33.98,0.15,16.98
ORD01712,4/28/2024,CUST0184,Bluetooth Speaker,Electronics,East,5,224.96,0.1,84.96
ORD01714,4/28/2024,CUST0336,Wireless Charging Pad,Electronics,North,1,29.99,0,15.49
ORD00063,4/29/2024,CUST0244,Wireless Laser Presenter,Electronics,North,1,21.84,0.05,12.34
ORD01615,4/29/2024,CUST0111,Surge Protector Power Strip,Electronics,North,2,51.98,0,26.98
ORD02115,4/29/2024,CUST0365,Bookshelf 4-Tier,Furniture,North,1,95.99,0.2,13.99
ORD00514,4/30/2024,CUST0193,HD Webcam 1080p,Technology,East,1,53.99,0.1,21.99
ORD01254,4/30/2024,CUST0017,Mechanical Keyboard,Technology,East,2,119.98,0.25,27.98
ORD01317,4/30/2024,CUST0373,HD Webcam 1080p,Technology,North,1,59.99,0,27.99
ORD01516,4/30/2024,CUST0103,Desk Organizer Mesh,Furniture,West,4,99.96,0,53.96
ORD02501,4/30/2024,CUST0043,Dual Monitor Arm,Technology,East,2,179.98,0,75.98
ORD01161,5/1/2024,CUST0008,Whiteboard Markers,Office Supplies,East,1,11.49,0,6.99
ORD01727,5/1/2024,CUST0199,A4 Printer Paper (Ream),Office Supplies,East,3,38.97,0,18.57
ORD00633,5/2/2024,CUST0044,Mechanical Keyboard,Technology,South,7,503.94,0.1,181.94
ORD00647,5/2/2024,CUST0272,HD Webcam 1080p,Technology,South,2,113.98,0.05,49.98
ORD00935,5/2/2024,CUST0337,Ergonomic Office Chair,Furniture,West,2,399.98,0,123.98
ORD01017,5/2/2024,CUST0033,Heavy-Duty Stapler,Office Supplies,East,4,71.96,0.1,37.96
ORD01230,5/2/2024,CUST0371,Bluetooth Speaker,Electronics,East,1,49.99,0,21.99
ORD01235,5/2/2024,CUST0346,Spiral Notebooks (3-Pack),Office Supplies,North,2,26.98,0.1,15.38
ORD01508,5/2/2024,CUST0046,Noise-Canceling Headset,Technology,West,3,389.97,0,155.97
ORD01812,5/2/2024,CUST0091,Dual Monitor Arm,Technology,North,1,85.49,0.05,33.49
ORD02704,5/2/2024,CUST0002,Desk Organizer Mesh,Furniture,North,1,22.49,0.1,10.99
ORD02764,5/2/2024,CUST0164,Ballpoint Pens (Pack of 12),Office Supplies,West,2,16.18,0.1,9.78
ORD00734,5/3/2024,CUST0011,HDMI Cable 4K (6ft),Electronics,East,2,23.98,0.2,14.38
ORD01463,5/3/2024,CUST0213,Wireless Laser Presenter,Electronics,North,1,22.99,0,13.49
ORD01954,5/3/2024,CUST0147,Mechanical Keyboard,Technology,West,4,319.96,0,135.96
ORD02630,5/3/2024,CUST0014,Mechanical Keyboard,Technology,North,1,79.99,0,33.99
ORD00101,5/4/2024,CUST0008,USB-C Docking Station,Technology,North,3,449.97,0,164.97
ORD00446,5/4/2024,CUST0001,Surge Protector Power Strip,Electronics,West,1,25.99,0,13.49
ORD01020,5/4/2024,CUST0041,Wireless Laser Presenter,Electronics,West,5,109.2,0.05,61.7
ORD01245,5/4/2024,CUST0158,Dual Monitor Arm,Technology,East,2,125.99,0.3,21.99
ORD00457,5/5/2024,CUST0241,Document Folder Set,Office Supplies,East,1,16.99,0,9.99
ORD00897,5/5/2024,CUST0311,Mechanical Keyboard,Technology,North,1,71.99,0.1,25.99
ORD01890,5/5/2024,CUST0008,Noise-Canceling Headset,Technology,South,1,116.99,0.1,38.99
ORD02097,5/5/2024,CUST0004,Bookshelf 4-Tier,Furniture,West,1,83.99,0.3,1.99
ORD02156,5/5/2024,CUST0374,Ballpoint Pens (Pack of 12),Office Supplies,North,5,38.21,0.15,22.21
ORD02949,5/5/2024,CUST0125,Permanent Sticky Notes,Office Supplies,East,1,6.64,0.05,
ORD00586,5/6/2024,CUST0089,Bookshelf 4-Tier,Furniture,East,1,107.99,0.1,25.99
ORD01550,5/6/2024,CUST0161,Whiteboard Markers,Office Supplies,North,6,68.94,0,41.94
ORD02850,5/6/2024,CUST0311,Bookshelf 4-Tier,Furniture,East,1,113.99,0.05,31.99
ORD01076,5/7/2024,CUST0132,Ballpoint Pens (Pack of 12),Office Supplies,West,2,16.18,0.1,9.78
ORD00144,5/8/2024,CUST0357,Lumbar Support Cushion,Furniture,South,1,22.49,0.25,8.49
ORD01426,5/8/2024,CUST0020,HD Webcam 1080p,Technology,East,1,50.99,0.15,18.99
ORD02129,5/8/2024,CUST0079,HD Webcam 1080p,Technology,East,3,161.97,0.1,65.97
ORD02418,5/8/2024,CUST0331,Bookshelf 4-Tier,Furniture,East,2,227.98,0.05,63.98
ORD00616,5/9/2024,CUST0017,Whiteboard Markers,Office Supplies,North,1,11.49,0,6.99
ORD01618,5/9/2024,CUST0108,Wireless Laser Presenter,Electronics,North,1,20.69,0.1,11.19
ORD00344,5/10/2024,CUST0238,Standing Desk Converter,Furniture,East,2,449.98,0.1,99.98
ORD01505,5/10/2024,CUST0061,Adjustable Footrest,Furniture,North,3,99.72,0.05,45.72
ORD02158,5/10/2024,CUST0233,Heavy-Duty Stapler,Office Supplies,West,3,50.97,0.15,25.47
ORD00917,5/11/2024,CUST0072,Surge Protector Power Strip,Electronics,North,1,25.99,0,13.49
ORD01006,5/11/2024,CUST0087,HD Webcam 1080p,Technology,West,1,59.99,0,27.99
ORD01221,5/11/2024,CUST0179,Laptop Stand,Technology,South,7,251.94,0.1,97.94
ORD01229,5/11/2024,CUST0068,Heavy-Duty Stapler,Office Supplies,South,6,89.95,0.25,38.95
ORD01731,5/11/2024,CUST0167,HDMI Cable 4K (6ft),Electronics,North,5,74.95,0,50.95
ORD00969,5/12/2024,CUST0238,Laptop Stand,Technology,South,1,39.99,0,17.99
ORD01074,5/12/2024,CUST0002,Noise-Canceling Headset,Technology,East,1,103.99,0.2,25.99
ORD00598,5/13/2024,CUST0244,Bluetooth Speaker,Electronics,East,1,49.99,0,21.99
ORD01044,5/13/2024,CUST0031,Bookshelf 4-Tier,Furniture,West,4,455.96,0.05,127.96
ORD01913,5/13/2024,CUST0044,Portable Power Bank 20000mAh,Electronics,East,3,119.97,0,55.47
ORD02604,5/13/2024,CUST0130,Spiral Notebooks (3-Pack),Office Supplies,North,2,22.48,0.25,10.88
ORD00788,5/14/2024,CUST0002,Bookshelf 4-Tier,Furniture,South,5,599.95,0,189.95
ORD01034,5/14/2024,CUST0068,Spiral Notebooks (3-Pack),Office Supplies,East,3,38.22,0.15,20.82
ORD01035,5/14/2024,CUST0026,Laptop Stand,Technology,South,1,39.99,0,17.99
ORD01429,5/14/2024,CUST0079,Desk Organizer Mesh,Furniture,East,4,89.96,0.1,43.96
ORD00320,5/15/2024,CUST0356,Whiteboard Markers,Office Supplies,South,3,34.47,0,20.97
ORD00868,5/15/2024,CUST0286,USB-C Docking Station,Technology,West,1,134.99,0.1,39.99
ORD00955,5/15/2024,CUST0007,Ballpoint Pens (Pack of 12),Office Supplies,East,4,32.36,0.1,19.56
ORD01141,5/15/2024,CUST0022,USB-C Docking Station,Technology,West,3,449.97,0,164.97
ORD01300,5/15/2024,CUST0122,Spiral Notebooks (3-Pack),Office Supplies,North,4,50.97,0.15,27.77
ORD01887,5/15/2024,CUST0004,A4 Printer Paper (Ream),Office Supplies,West,1,11.69,0.1,4.89
ORD00124,5/16/2024,CUST0288,Filing Cabinet,Furniture,South,2,303.98,0.05,79.98
ORD00510,5/16/2024,CUST0056,Noise-Canceling Headset,Technology,South,1,116.99,0.1,38.99
ORD01070,5/16/2024,CUST0209,Standing Desk Converter,Furniture,North,1,224.99,0.1,49.99
ORD00907,5/17/2024,CUST0002,Portable Power Bank 20000mAh,Electronics,South,2,75.98,0.05,32.98
ORD01901,5/17/2024,CUST0150,Adjustable Footrest,Furniture,South,6,209.94,0,101.94
ORD02020,5/17/2024,CUST0377,Filing Cabinet,Furniture,East,1,159.99,0,47.99
ORD02878,5/17/2024,CUST0048,Ballpoint Pens (Pack of 12),Office Supplies,East,1,8.54,0.05,5.34
ORD00114,5/18/2024,CUST0358,Filing Cabinet,Furniture,South,3,383.98,0.2,47.98
ORD00735,5/18/2024,CUST0093,External SSD 1TB,Technology,North,4,479.96,0,179.96
ORD00947,5/18/2024,CUST0078,Filing Cabinet,Furniture,East,1,143.99,0.1,31.99
ORD01198,5/18/2024,CUST0004,HD Webcam 1080p,Technology,West,6,359.94,0,167.94
ORD01216,5/18/2024,CUST0001,HD Webcam 1080p,Technology,South,2,119.98,0,55.98
ORD01990,5/18/2024,CUST0095,Document Folder Set,Office Supplies,West,5,84.95,0,49.95
ORD02116,5/18/2024,CUST0329,Standing Desk Converter,Furniture,South,5,1249.95,0,374.95
ORD02957,5/18/2024,CUST0185,Document Folder Set,Office Supplies,North,6,101.94,0,59.94
ORD00910,5/19/2024,CUST0376,HD Webcam 1080p,Technology,South,2,119.98,0,55.98
ORD01000,5/19/2024,CUST0331,Surge Protector Power Strip,Electronics,North,3,77.97,0,40.47
ORD01980,5/19/2024,CUST0001,Whiteboard Markers,Office Supplies,East,1,10.92,0.05,6.42
ORD02200,5/19/2024,CUST0025,Bluetooth Speaker,Electronics,East,1,39.99,0.2,11.99
ORD02444,5/19/2024,CUST0162,A4 Printer Paper (Ream),Office Supplies,South,2,25.98,0,12.38
ORD00282,5/20/2024,CUST0304,Mechanical Keyboard,Technology,South,1,79.99,0,33.99
ORD01106,5/20/2024,CUST0015,HD Webcam 1080p,Technology,East,3,170.97,0.05,74.97
ORD01442,5/20/2024,CUST0278,Bluetooth Speaker,Electronics,West,6,299.94,0,131.94
ORD01688,5/20/2024,CUST0078,USB-C Docking Station,Technology,East,1,127.49,0.15,32.49
ORD02029,5/20/2024,CUST0025,Adjustable Footrest,Furniture,West,1,34.99,0,16.99
ORD02775,5/20/2024,CUST0007,USB-C Docking Station,Technology,West,3,449.97,0,164.97
ORD02917,5/20/2024,CUST0021,Adjustable Footrest,Furniture,East,7,244.93,0,118.93
ORD00255,5/21/2024,CUST0143,Wireless Laser Presenter,Electronics,South,2,39.08,0.15,20.08
ORD00949,5/21/2024,CUST0140,Adjustable Footrest,Furniture,South,8,279.92,0,135.92
ORD01534,5/21/2024,CUST0195,Surge Protector Power Strip,Electronics,South,1,25.99,0,13.49
ORD01552,5/21/2024,CUST0010,A4 Printer Paper (Ream),Office Supplies,West,3,38.97,0,18.57
ORD01822,5/21/2024,CUST0270,HDMI Cable 4K (6ft),Electronics,North,1,12.74,0.15,7.94
ORD02159,5/21/2024,CUST0125,Bookshelf 4-Tier,Furniture,East,1,119.99,0,37.99
ORD02934,5/21/2024,CUST0028,Lumbar Support Cushion,Furniture,East,1,25.49,0.15,11.49
ORD01427,5/22/2024,CUST0080,Surge Protector Power Strip,Electronics,North,1,22.09,0.15,9.59
ORD00453,5/23/2024,CUST0011,A4 Printer Paper (Ream),Office Supplies,South,1,11.69,0.1,4.89
ORD00885,5/23/2024,CUST0013,HD Webcam 1080p,Technology,North,2,107.98,,43.98
ORD02146,5/23/2024,CUST0372,HD Webcam 1080p,Technology,East,4,191.97,0.2,63.97
ORD02325,5/23/2024,CUST0027,Lumbar Support Cushion,Furniture,West,5,149.95,0,79.95
ORD02415,5/23/2024,CUST0262,A4 Printer Paper (Ream),Office Supplies,West,1,12.99,0,6.19
ORD02784,5/24/2024,CUST0093,A4 Printer Paper (Ream),Office Supplies,West,2,25.98,0,12.38
ORD00670,5/25/2024,CUST0379,Lumbar Support Cushion,Furniture,North,1,25.49,0.15,11.49
ORD00942,5/25/2024,CUST0181,HDMI Cable 4K (6ft),Electronics,East,1,14.99,0,10.19
ORD01193,5/25/2024,CUST0040,External SSD 1TB,Technology,East,1,107.99,0.1,32.99
ORD01539,5/25/2024,CUST0270,Mechanical Keyboard,Technology,South,4,319.96,0,135.96
ORD01699,5/25/2024,CUST0022,Spiral Notebooks (3-Pack),Office Supplies,South,2,26.98,0.1,15.38
ORD02390,5/25/2024,CUST0149,A4 Printer Paper (Ream),Office Supplies,West,3,33.12,0.15,12.72
ORD00233,5/26/2024,CUST0109,Bluetooth Speaker,Electronics,South,1,49.99,0,21.99
ORD00645,5/26/2024,CUST0011,Wireless Laser Presenter,Electronics,East,3,58.62,0.15,30.12
ORD00894,5/26/2024,CUST0230,Wireless Charging Pad,Electronics,North,8,227.92,0.05,111.92
ORD00962,5/26/2024,CUST0022,Wireless Laser Presenter,Electronics,West,1,20.69,0.1,11.19
ORD01989,5/26/2024,CUST0343,Bookshelf 4-Tier,Furniture,South,2,203.98,0.15,39.98
ORD01979,5/27/2024,CUST0045,Adjustable Footrest,Furniture,East,1,29.74,0.15,11.74
ORD00591,5/28/2024,CUST0106,Desk Organizer Mesh,Furniture,North,1,18.74,0.25,7.24
ORD00724,5/28/2024,CUST0035,Dual Monitor Arm,Technology,West,5,382.46,0.15,122.46
ORD02137,5/28/2024,CUST0020,HD Webcam 1080p,Technology,East,3,170.97,0.05,74.97
ORD02811,5/28/2024,CUST0148,Lumbar Support Cushion,Furniture,West,1,25.49,0.15,11.49
ORD00242,5/29/2024,CUST0318,Laptop Stand,Technology,East,1,39.99,0,17.99
ORD01282,5/29/2024,CUST0037,Portable Power Bank 20000mAh,Electronics,West,5,169.96,0.15,62.46
ORD02526,5/29/2024,CUST0107,Mechanical Keyboard,Technology,East,4,303.96,0.05,119.96
ORD02797,5/29/2024,CUST0321,Adjustable Footrest,Furniture,East,1,34.99,0,16.99
ORD01043,5/30/2024,CUST0002,USB-C Docking Station,Technology,North,1,142.49,0.05,47.49
ORD01486,5/30/2024,CUST0334,Whiteboard Markers,Office Supplies,South,2,17.23,0.25,8.23
ORD01413,5/31/2024,CUST0009,Whiteboard Markers,Office Supplies,West,3,34.47,0,20.97
ORD01766,5/31/2024,CUST0293,Desk Organizer Mesh,Furniture,East,2,44.98,0.1,21.98
ORD02084,5/31/2024,CUST0307,Standing Desk Converter,Furniture,North,1,249.99,0,74.99
ORD02890,5/31/2024,CUST0118,HD Webcam 1080p,Technology,South,3,152.97,0.15,56.97
ORD01202,6/1/2024,CUST0148,Standing Desk Converter,Furniture,West,4,999.96,0,299.96
ORD01568,6/1/2024,CUST0368,Spiral Notebooks (3-Pack),Office Supplies,West,1,14.99,0,9.19
ORD02562,6/1/2024,CUST0010,Surge Protector Power Strip,Electronics,North,5,123.45,0.05,60.95
ORD00087,6/2/2024,CUST0166,USB-C Docking Station,Technology,West,1,112.49,0.25,17.49
ORD00774,6/2/2024,CUST0001,Desk Organizer Mesh,Furniture,North,1,23.74,0.05,12.24
ORD01838,6/2/2024,CUST0193,Document Folder Set,Office Supplies,East,1,15.29,0.1,8.29
ORD02024,6/2/2024,CUST0082,Whiteboard Markers,Office Supplies,South,2,19.53,0.15,10.53
ORD00123,6/3/2024,CUST0033,HD Webcam 1080p,Technology,South,2,83.99,0.3,19.99
ORD00190,6/3/2024,CUST0005,Ergonomic Office Chair,Furniture,North,4,799.96,0,247.96
ORD00895,6/3/2024,CUST0048,Whiteboard Markers,Office Supplies,West,8,,0.15,42.13
ORD01665,6/3/2024,CUST0008,Bookshelf 4-Tier,Furniture,West,2,239.98,0,75.98
ORD01744,6/3/2024,CUST0096,Adjustable Footrest,Furniture,South,5,174.95,0,84.95
ORD01848,6/3/2024,CUST0197,Heavy-Duty Stapler,Office Supplies,West,3,53.97,0.1,28.47
ORD02070,6/3/2024,CUST0151,Portable Power Bank 20000mAh,Electronics,North,1,39.99,0,18.49
ORD02280,6/3/2024,CUST0058,Spiral Notebooks (3-Pack),Office Supplies,North,1,14.24,0.05,8.44
ORD02335,6/3/2024,CUST0087,Bluetooth Speaker,Electronics,East,2,99.98,0,43.98
ORD02589,6/3/2024,CUST0339,HD Webcam 1080p,Technology,North,1,59.99,0,27.99
ORD02688,6/3/2024,CUST0053,USB-C Docking Station,Technology,North,1,104.99,0.3,9.99
ORD01878,6/4/2024,CUST0112,Dual Monitor Arm,Technology,East,1,89.99,0,37.99
ORD00262,6/5/2024,CUST0115,Ballpoint Pens (Pack of 12),Office Supplies,South,1,8.99,0,5.79
ORD00805,6/5/2024,CUST0076,HDMI Cable 4K (6ft),Electronics,South,1,13.49,0.1,8.69
ORD01322,6/5/2024,CUST0063,Whiteboard Markers,Office Supplies,East,1,11.49,0,6.99
ORD01575,6/5/2024,CUST0005,Portable Power Bank 20000mAh,Electronics,East,3,113.97,0.05,49.47
ORD02110,6/5/2024,CUST0041,HDMI Cable 4K (6ft),Electronics,North,2,25.48,0.15,15.88
ORD02908,6/5/2024,CUST0293,Dual Monitor Arm,Technology,East,2,170.98,0.05,66.98
ORD00356,6/6/2024,CUST0218,Spiral Notebooks (3-Pack),Office Supplies,East,2,29.98,0,18.38
ORD00747,6/7/2024,CUST0149,Mechanical Keyboard,Technology,South,4,255.97,0.2,71.97
ORD01191,6/7/2024,CUST0163,Mechanical Keyboard,Technology,East,1,79.99,0,33.99
ORD01498,6/7/2024,CUST0215,Whiteboard Markers,Office Supplies,East,1,11.49,0,6.99
ORD01721,6/7/2024,CUST0157,Lumbar Support Cushion,Furniture,North,1,29.99,0,15.99
ORD01381,6/8/2024,CUST0275,Wireless Charging Pad,Electronics,North,2,56.98,0.05,27.98
ORD01666,6/8/2024,CUST0015,Desk Organizer Mesh,Furniture,West,7,174.93,0,94.43
ORD01985,6/8/2024,CUST0231,Laptop Stand,Technology,North,4,135.97,0.15,47.97
ORD02869,6/8/2024,CUST0003,Document Folder Set,Office Supplies,North,2,32.28,0.05,18.28
ORD01149,6/9/2024,CUST0121,Dual Monitor Arm,Technology,West,1,89.99,0,37.99
ORD01659,6/9/2024,CUST0233,USB-C Docking Station,Technology,South,6,854.94,0.05,284.94
ORD02318,6/9/2024,CUST0015,Laptop Stand,Technology,West,3,95.98,0.2,29.98
ORD02453,6/9/2024,CUST0142,Portable Power Bank 20000mAh,Electronics,South,1,39.99,0,18.49
ORD00567,6/10/2024,CUST0250,Ergonomic Office Chair,Furniture,South,3,599.97,0,185.97
ORD02427,6/10/2024,CUST0009,Noise-Canceling Headset,Technology,West,4,493.96,0.05,181.96
ORD02522,6/10/2024,CUST0314,Wireless Charging Pad,Electronics,West,1,29.99,0,15.49
ORD00285,6/11/2024,CUST0047,Ergonomic Office Chair,Furniture,North,1,199.99,0,61.99
ORD00482,6/11/2024,CUST0243,HD Webcam 1080p,Technology,East,1,47.99,0.2,15.99
ORD01571,6/11/2024,CUST0289,HDMI Cable 4K (6ft),Electronics,South,2,28.48,0.05,18.88
ORD02322,6/11/2024,CUST0016,Ballpoint Pens (Pack of 12),Office Supplies,South,1,8.54,0.05,5.34
ORD02577,6/11/2024,CUST0328,Surge Protector Power Strip,Electronics,West,4,103.96,0,53.96
ORD00416,6/12/2024,CUST0367,Bluetooth Speaker,Electronics,West,5,212.46,0.15,72.46
ORD00741,6/12/2024,CUST0228,Surge Protector Power Strip,Electronics,South,2,51.98,0,26.98
ORD02242,6/12/2024,CUST0019,A4 Printer Paper (Ream),Office Supplies,East,1,12.99,0,6.19
ORD00494,6/13/2024,CUST0228,Portable Power Bank 20000mAh,Electronics,South,1,39.99,0,18.49
ORD00603,6/13/2024,CUST0351,Permanent Sticky Notes,Office Supplies,East,5,31.46,0.1,20.46
ORD00399,6/14/2024,CUST0147,USB-C Docking Station,Technology,South,1,119.99,0.2,24.99
ORD01266,6/15/2024,CUST0314,Desk Organizer Mesh,Furniture,South,2,44.98,0.1,21.98
ORD01826,6/15/2024,CUST0291,Heavy-Duty Stapler,Office Supplies,East,2,33.98,0.15,16.98
ORD02737,6/15/2024,CUST0053,Adjustable Footrest,Furniture,West,2,66.48,0.05,30.48
ORD00293,6/16/2024,CUST0081,Spiral Notebooks (3-Pack),Office Supplies,East,1,14.24,0.05,8.44
ORD01718,6/16/2024,CUST0377,Bluetooth Speaker,Electronics,West,7,279.94,0.2,83.94
ORD02215,6/16/2024,CUST0200,Portable Power Bank 20000mAh,Electronics,West,6,191.95,0.2,62.95
ORD02291,6/16/2024,CUST0011,Bluetooth Speaker,Electronics,West,9,382.42,0.15,130.42
ORD00359,6/17/2024,CUST0096,Filing Cabinet,Furniture,East,2,319.98,0,95.98
ORD01396,6/17/2024,CUST0204,Surge Protector Power Strip,Electronics,East,3,74.07,0.05,36.57
ORD00610,6/18/2024,CUST0074,Wireless Laser Presenter,Electronics,East,1,19.54,0.15,10.04
ORD02370,6/18/2024,CUST0021,Permanent Sticky Notes,Office Supplies,East,3,20.97,0,14.37
ORD00517,6/19/2024,CUST0361,Filing Cabinet,Furniture,South,1,151.99,0.05,39.99
ORD00530,6/19/2024,CUST0186,Whiteboard Markers,Office Supplies,East,1,11.49,0,6.99
ORD00551,6/19/2024,CUST0007,Ergonomic Office Chair,Furniture,East,1,169.99,0.15,31.99
ORD00607,6/19/2024,CUST0285,Whiteboard Markers,Office Supplies,West,3,34.47,0,20.97
ORD00921,6/19/2024,CUST0227,Adjustable Footrest,Furniture,South,3,104.97,0,50.97
ORD01108,6/19/2024,CUST0208,Noise-Canceling Headset,Technology,East,10,1169.91,0.1,389.91
ORD01267,6/19/2024,CUST0318,Portable Power Bank 20000mAh,Electronics,East,1,39.99,0,18.49
ORD00711,6/20/2024,CUST0029,Noise-Canceling Headset,Technology,South,3,370.47,0.05,136.47
ORD00775,6/20/2024,CUST0043,Lumbar Support Cushion,Furniture,West,4,89.97,0.25,33.97
ORD01289,6/20/2024,CUST0313,Dual Monitor Arm,Technology,West,2,134.98,0.25,30.98
ORD01689,6/20/2024,CUST0130,Dual Monitor Arm,Technology,South,1,62.99,0.3,10.99
ORD01734,6/20/2024,CUST0310,Ballpoint Pens (Pack of 12),Office Supplies,East,2,17.98,0,11.58
ORD01861,6/20/2024,CUST0031,Bluetooth Speaker,Electronics,West,1,49.99,0,21.99
ORD02309,6/20/2024,CUST0179,External SSD 1TB,Technology,North,2,239.98,0,89.98
ORD00773,6/21/2024,CUST0041,Noise-Canceling Headset,Technology,North,1,129.99,0,51.99
ORD00972,6/21/2024,CUST0030,Surge Protector Power Strip,Electronics,East,4,103.96,0,53.96
ORD01791,6/21/2024,CUST0015,Dual Monitor Arm,Technology,West,1,62.99,0.3,10.99
ORD00562,6/22/2024,CUST0024,Laptop Stand,Technology,West,1,37.99,0.05,15.99
ORD00693,6/22/2024,CUST0171,A4 Printer Paper (Ream),Office Supplies,East,2,22.08,0.15,8.48
ORD02123,6/22/2024,CUST0004,A4 Printer Paper (Ream),Office Supplies,North,3,38.97,0,18.57
ORD02239,6/22/2024,CUST0018,Dual Monitor Arm,Technology,West,6,431.95,0.2,119.95
ORD01137,6/23/2024,CUST0364,HDMI Cable 4K (6ft),Electronics,West,1,14.99,0,10.19
ORD01288,6/24/2024,CUST0184,USB-C Docking Station,Technology,West,3,359.98,0.2,74.98
ORD01562,6/24/2024,CUST0247,Spiral Notebooks (3-Pack),Office Supplies,East,2,29.98,0,18.38
ORD02178,6/24/2024,CUST0039,Mechanical Keyboard,Technology,South,2,159.98,0,67.98
ORD01314,6/25/2024,CUST0146,Dual Monitor Arm,Technology,North,2,143.98,0.2,39.98
ORD01513,6/25/2024,CUST0253,Mechanical Keyboard,Technology,North,7,559.93,0,237.93
ORD01765,6/25/2024,CUST0003,Wireless Charging Pad,Electronics,North,2,59.98,0,30.98
ORD01962,6/25/2024,CUST0099,Spiral Notebooks (3-Pack),Office Supplies,South,2,25.48,0.15,13.88
ORD02087,6/25/2024,CUST0247,Whiteboard Markers,Office Supplies,East,3,27.58,0.2,14.08
ORD02508,6/25/2024,CUST0030,Whiteboard Markers,Office Supplies,South,2,20.68,0.1,11.68
ORD02861,6/25/2024,CUST0209,Wireless Charging Pad,Electronics,North,4,113.96,0.05,55.96
ORD02953,6/25/2024,CUST0333,A4 Printer Paper (Ream),Office Supplies,South,7,81.84,0.1,34.24
ORD00232,6/26/2024,CUST0058,Bookshelf 4-Tier,Furniture,North,1,107.99,0.1,25.99
ORD00325,6/26/2024,CUST0204,Ballpoint Pens (Pack of 12),Office Supplies,North,4,32.36,0.1,19.56
ORD01701,6/26/2024,CUST0059,Bookshelf 4-Tier,Furniture,South,2,239.98,0,75.98
ORD02581,6/26/2024,CUST0003,Portable Power Bank 20000mAh,Electronics,South,3,119.97,0,55.47
ORD00175,6/27/2024,CUST0023,Bookshelf 4-Tier,Furniture,North,1,119.99,0,37.99
ORD01344,6/27/2024,CUST0049,USB-C Docking Station,Technology,North,3,449.97,0,164.97
ORD02138,6/27/2024,CUST0065,Permanent Sticky Notes,Office Supplies,East,3,20.97,0,14.37
ORD02714,6/27/2024,CUST0116,Desk Organizer Mesh,Furniture,South,1,22.49,0.1,10.99
ORD02843,6/27/2024,CUST0092,Adjustable Footrest,Furniture,West,1,31.49,0.1,13.49
ORD02894,6/27/2024,CUST0047,Heavy-Duty Stapler,Office Supplies,West,3,59.97,0,34.47
ORD01082,6/28/2024,CUST0017,Noise-Canceling Headset,Technology,North,4,441.97,0.15,129.97
ORD01687,6/28/2024,CUST0213,Laptop Stand,Technology,East,1,39.99,0,17.99
ORD00022,6/29/2024,CUST0228,USB-C Docking Station,Technology,West,1,142.49,0.05,47.49
ORD00820,6/29/2024,CUST0026,Whiteboard Markers,Office Supplies,South,1,9.19,0.2,4.69
ORD01109,6/29/2024,CUST0150,Whiteboard Markers,Office Supplies,North,2,20.68,0.1,11.68
ORD02049,6/29/2024,CUST0109,Ballpoint Pens (Pack of 12),Office Supplies,East,6,43.15,0.2,23.95
ORD01325,6/30/2024,CUST0027,External SSD 1TB,Technology,West,1,119.99,0,44.99
ORD00573,7/1/2024,CUST0001,Heavy-Duty Stapler,Office Supplies,East,2,35.98,0.1,18.98
ORD00839,7/1/2024,CUST0281,Lumbar Support Cushion,Furniture,South,4,107.96,0.1,51.96
ORD01545,7/1/2024,CUST0089,Permanent Sticky Notes,Office Supplies,West,1,5.24,0.25,3.04
ORD02988,7/1/2024,CUST0015,Bluetooth Speaker,Electronics,East,1,47.49,0.05,19.49
ORD00769,7/2/2024,CUST0001,Ballpoint Pens (Pack of 12),Office Supplies,West,5,44.95,0,28.95
ORD01392,7/2/2024,CUST0187,HD Webcam 1080p,Technology,South,6,341.94,0.05,149.94
ORD01603,7/2/2024,CUST0067,Ballpoint Pens (Pack of 12),Office Supplies,West,6,53.94,0,34.74
ORD01707,7/2/2024,CUST0115,USB-C Docking Station,Technology,East,2,254.98,0.15,64.98
ORD02025,7/2/2024,CUST0169,Mechanical Keyboard,Technology,North,2,159.98,0,67.98
ORD02219,7/2/2024,CUST0089,Mechanical Keyboard,Technology,North,3,191.98,0.2,53.98
ORD02269,7/2/2024,CUST0070,Document Folder Set,Office Supplies,South,1,14.44,0.15,7.44
ORD00006,7/3/2024,CUST0009,Bluetooth Speaker,Electronics,East,4,179.96,0.1,67.96
ORD00055,7/3/2024,CUST0048,Dual Monitor Arm,Technology,North,7,629.93,0,265.93
ORD01261,7/3/2024,CUST0238,Heavy-Duty Stapler,Office Supplies,East,2,35.98,0.1,18.98
ORD01531,7/3/2024,CUST0130,Bluetooth Speaker,Electronics,West,1,49.99,0,21.99
ORD01902,7/3/2024,CUST0297,Dual Monitor Arm,Technology,East,1,67.49,0.25,15.49
ORD01965,7/3/2024,CUST0020,Surge Protector Power Strip,Electronics,West,2,51.98,0,26.98
ORD02205,7/3/2024,CUST0217,Surge Protector Power Strip,Electronics,North,3,74.07,0.05,36.57
ORD02504,7/3/2024,CUST0001,Desk Organizer Mesh,Furniture,West,2,47.48,0.05,24.48
ORD02766,7/3/2024,CUST0293,Lumbar Support Cushion,Furniture,East,3,89.97,0,47.97
ORD02885,7/3/2024,CUST0008,External SSD 1TB,Technology,East,9,917.92,0.15,242.92
ORD00150,7/4/2024,CUST0011,Adjustable Footrest,Furniture,West,3,99.72,0.05,45.72
ORD00309,7/4/2024,CUST0093,Wireless Charging Pad,Electronics,West,1,28.49,0.05,13.99
ORD01172,7/4/2024,CUST0039,Wireless Laser Presenter,Electronics,East,6,110.35,0.2,53.35
ORD01626,7/4/2024,CUST0087,Mechanical Keyboard,Technology,South,1,79.99,0,33.99
ORD01719,7/4/2024,CUST0009,Spiral Notebooks (3-Pack),Office Supplies,West,3,44.97,0,27.57
ORD00058,7/5/2024,CUST0186,Wireless Laser Presenter,Electronics,East,2,45.98,0,26.98
ORD00089,7/5/2024,CUST0233,Lumbar Support Cushion,Furniture,East,1,23.99,0.2,9.99
ORD00274,7/5/2024,CUST0034,Ballpoint Pens (Pack of 12),Office Supplies,North,3,25.62,0.05,16.02
ORD01030,7/5/2024,CUST0019,Filing Cabinet,Furniture,North,2,319.98,0,95.98
ORD02019,7/5/2024,CUST0231,Desk Organizer Mesh,Furniture,East,2,34.99,0.3,11.99
ORD02229,7/5/2024,CUST0166,HD Webcam 1080p,Technology,East,3,161.97,0.1,65.97
ORD02880,7/5/2024,CUST0148,Wireless Laser Presenter,Electronics,West,4,91.96,0,53.96
ORD00143,7/6/2024,CUST0295,Desk Organizer Mesh,Furniture,West,4,99.96,0,53.96
ORD00202,7/6/2024,CUST0269,Bluetooth Speaker,Electronics,East,5,224.96,0.1,84.96
ORD00299,7/6/2024,CUST0010,Bluetooth Speaker,Electronics,North,2,94.98,0.05,38.98
ORD00857,7/6/2024,CUST0105,Adjustable Footrest,Furniture,East,1,34.99,0,16.99
ORD01582,7/6/2024,CUST0117,USB-C Docking Station,Technology,West,1,149.99,0,54.99
ORD00334,7/7/2024,CUST0048,A4 Printer Paper (Ream),Office Supplies,West,3,38.97,0,18.57
ORD00833,7/7/2024,CUST0230,HD Webcam 1080p,Technology,North,2,119.98,0,55.98
ORD02458,7/7/2024,CUST0003,Filing Cabinet,Furniture,East,4,639.96,0,191.96
ORD02587,7/7/2024,CUST0336,Wireless Charging Pad,Electronics,North,2,53.98,0.1,24.98
ORD02881,7/7/2024,CUST0018,Document Folder Set,Office Supplies,South,1,16.99,0,9.99
ORD00131,7/8/2024,CUST0002,HD Webcam 1080p,Technology,East,1,59.99,0,27.99
ORD00553,7/8/2024,CUST0002,Bluetooth Speaker,Electronics,East,3,142.47,0.05,58.47
ORD01185,7/8/2024,CUST0066,Standing Desk Converter,Furniture,North,2,499.98,0,149.98
ORD01608,7/8/2024,CUST0146,HD Webcam 1080p,Technology,East,2,101.98,0.15,37.98
ORD02039,7/8/2024,CUST0284,HD Webcam 1080p,Technology,North,2,95.98,0.2,31.98
ORD00117,7/9/2024,CUST0088,Mechanical Keyboard,Technology,South,4,287.96,0.1,103.96
ORD00445,7/9/2024,CUST0043,Ergonomic Office Chair,office supplies,North,3,599.97,0,185.97
ORD02470,7/9/2024,CUST0121,Mechanical Keyboard,Technology,West,4,319.96,0,135.96
ORD00223,7/10/2024,CUST0093,HD Webcam 1080p,Technology,North,2,101.98,0.15,37.98
ORD02375,7/10/2024,CUST0253,External SSD 1TB,Technology,North,1,119.99,0,44.99
ORD02933,7/10/2024,CUST0137,USB-C Docking Station,Technology,South,1,149.99,0,54.99
ORD00153,7/11/2024,CUST0312,Heavy-Duty Stapler,Office Supplies,South,1,19.99,0,11.49
ORD01265,7/11/2024,CUST0016,Wireless Laser Presenter,Electronics,North,1,17.24,0.25,7.74
ORD01473,7/11/2024,CUST0310,Desk Organizer Mesh,Furniture,North,6,149.94,0,80.94
ORD01646,7/11/2024,CUST0035,Wireless Laser Presenter,Electronics,East,1,19.54,0.15,10.04
ORD02256,7/11/2024,CUST0003,Surge Protector Power Strip,Electronics,East,3,77.97,0,40.47
ORD02720,7/11/2024,CUST0175,Filing Cabinet,Furniture,South,2,303.98,0.05,79.98
ORD02452,7/12/2024,CUST0340,A4 Printer Paper (Ream),Office Supplies,South,3,35.07,0.1,14.67
ORD00402,7/13/2024,CUST0184,Document Folder Set,Office Supplies,North,2,33.98,0,19.98
ORD00419,7/13/2024,CUST0225,Laptop Stand,Technology,West,1,37.99,0.05,15.99
ORD00547,7/14/2024,CUST0285,Permanent Sticky Notes,Office Supplies,East,1,6.29,0.1,4.09
ORD01013,7/14/2024,CUST0346,Filing Cabinet,Furniture,North,1,135.99,0.15,23.99
ORD01621,7/14/2024,CUST0074,Laptop Stand,Technology,South,1,31.99,0.2,9.99
ORD02583,7/14/2024,CUST0041,Noise-Canceling Headset,Technology,North,6,662.95,0.15,194.95
ORD02605,7/14/2024,CUST0003,Spiral Notebooks (3-Pack),Office Supplies,South,1,12.74,0.15,6.94
ORD00070,7/15/2024,CUST0083,Noise-Canceling Headset,Technology,South,1,129.99,0,51.99
ORD00641,7/15/2024,CUST0032,Mechanical Keyboard,Technology,South,1,79.99,0,33.99
ORD01274,7/15/2024,CUST0070,Ergonomic Office Chair,Furniture,South,1,199.99,0,61.99
ORD02011,7/15/2024,CUST0336,Document Folder Set,Office Supplies,South,2,28.88,0.15,14.88
ORD00581,7/16/2024,CUST0088,Ballpoint Pens (Pack of 12),Office Supplies,East,1,8.99,0,5.79
ORD00675,7/16/2024,CUST0110,HD Webcam 1080p,Technology,South,2,119.98,0,55.98
ORD01803,7/16/2024,CUST0086,Noise-Canceling Headset,Technology,South,2,259.98,0,103.98
ORD01952,7/16/2024,CUST0035,Mechanical Keyboard,Technology,East,2,119.98,0.25,27.98
ORD02485,7/16/2024,CUST0081,HDMI Cable 4K (6ft),Electronics,East,3,35.98,0.2,21.58
ORD01671,7/17/2024,CUST0186,Whiteboard Markers,Office Supplies,East,4,41.36,0.1,23.36
ORD02540,7/17/2024,CUST0163,Dual Monitor Arm,Technology,South,9,809.91,0,341.91
ORD00244,7/18/2024,CUST0035,Permanent Sticky Notes,Office Supplies,East,2,13.98,0,9.58
ORD00919,7/18/2024,CUST0194,HDMI Cable 4K (6ft),Electronics,South,1,12.74,0.15,7.94
ORD01525,7/18/2024,CUST0094,HD Webcam 1080p,Technology,North,1,56.99,0.05,24.99
ORD01535,7/18/2024,CUST0039,Permanent Sticky Notes,Office Supplies,West,1,6.64,0.05,4.44
ORD02192,7/18/2024,CUST0106,Bluetooth Speaker,Electronics,South,2,99.98,0,43.98
ORD00978,7/19/2024,CUST0063,Spiral Notebooks (3-Pack),Office Supplies,South,4,59.96,0,36.76
ORD01269,7/19/2024,CUST0023,Standing Desk Converter,Furniture,East,2,474.98,0.05,124.98
ORD01313,7/19/2024,CUST0231,Dual Monitor Arm,Technology,East,2,152.98,0.15,48.98
ORD01713,7/19/2024,CUST0107,External SSD 1TB,Technology,South,3,359.97,0,134.97
ORD02223,7/19/2024,CUST0005,Heavy-Duty Stapler,Office Supplies,North,1,19.99,0,11.49
ORD02464,7/19/2024,CUST0164,Dual Monitor Arm,Technology,East,4,341.96,0.05,133.96
ORD00095,7/20/2024,CUST0114,Adjustable Footrest,Furniture,East,2,66.48,0.05,30.48
ORD00318,7/20/2024,CUST0334,Whiteboard Markers,Office Supplies,South,1,11.49,0,6.99
ORD01414,7/20/2024,CUST0014,Ergonomic Office Chair,Furniture,North,2,359.98,0.1,83.98
ORD02561,7/20/2024,CUST0052,Filing Cabinet,Furniture,West,1,159.99,0,47.99
ORD00341,7/21/2024,CUST0006,Ballpoint Pens (Pack of 12),Office Supplies,West,1,8.99,0,5.79
ORD00683,7/21/2024,CUST0014,Whiteboard Markers,Office Supplies,South,1,11.49,0,6.99
ORD00934,7/21/2024,CUST0070,HDMI Cable 4K (6ft),Electronics,North,1,12.74,0.15,7.94
ORD02548,7/21/2024,CUST0011,Permanent Sticky Notes,Office Supplies,East,2,13.98,0,9.58
ORD01091,7/22/2024,CUST0168,Mechanical Keyboard,Technology,South,1,71.99,0.1,25.99
ORD01263,7/22/2024,CUST0083,Ergonomic Office Chair,Furniture,North,1,199.99,0,61.99
ORD01959,7/22/2024,CUST0051,Spiral Notebooks (3-Pack),Office Supplies,North,1,14.99,0,9.19
ORD02517,7/22/2024,CUST0118,Document Folder Set,Office Supplies,North,2,30.58,0.1,16.58
ORD02867,7/22/2024,CUST0079,Ergonomic Office Chair,Furniture,South,1,179.99,0.1,41.99
ORD00168,7/23/2024,CUST0003,Portable Power Bank 20000mAh,Electronics,South,1,39.99,0,18.49
ORD01844,7/23/2024,CUST0123,Whiteboard Markers,Office Supplies,North,2,22.98,0,13.98
ORD01983,7/23/2024,CUST0060,Lumbar Support Cushion,Furniture,North,3,89.97,0,47.97
ORD02251,7/23/2024,CUST0191,Document Folder Set,Office Supplies,West,1,11.89,0.3,4.89
ORD00146,7/24/2024,CUST0058,Heavy-Duty Stapler,Office Supplies,South,1,19.99,0,11.49
ORD01042,7/24/2024,CUST0003,Dual Monitor Arm,Technology,South,1,76.49,0.15,24.49
ORD02531,7/24/2024,CUST0167,A4 Printer Paper (Ream),Office Supplies,East,1,11.04,0.15,4.24
ORD02672,7/24/2024,CUST0036,Dual Monitor Arm,Technology,West,3,242.97,0.1,86.97
ORD02776,7/24/2024,CUST0086,Dual Monitor Arm,Technology,West,1,89.99,0,37.99
ORD02866,7/24/2024,CUST0004,Whiteboard Markers,Office Supplies,East,1,11.49,0,6.99
ORD00498,7/25/2024,CUST0017,External SSD 1TB,Technology,East,3,341.97,0.05,116.97
ORD00680,7/25/2024,CUST0241,Document Folder Set,Office Supplies,West,3,50.97,0,29.97
ORD01477,7/25/2024,CUST0174,Bookshelf 4-Tier,Furniture,North,1,113.99,0.05,31.99
ORD01698,7/25/2024,CUST0001,Bookshelf 4-Tier,Furniture,West,1,95.99,0.2,13.99
ORD02411,7/25/2024,CUST0184,A4 Printer Paper (Ream),Office Supplies,West,5,61.7,0.05,27.7
ORD00626,7/26/2024,CUST0321,Lumbar Support Cushion,Furniture,South,3,89.97,0,47.97
ORD01127,7/26/2024,CUST0284,Standing Desk Converter,Furniture,West,3,749.97,0,224.97
ORD01627,7/26/2024,CUST0300,Ergonomic Office Chair,Furniture,West,1,169.99,0.15,31.99
ORD02505,7/26/2024,CUST0010,Surge Protector Power Strip,Electronics,East,5,129.95,0,67.45
ORD02554,7/26/2024,CUST0267,Laptop Stand,Technology,South,1,31.99,0.2,
ORD01565,7/27/2024,CUST0105,Wireless Laser Presenter,Electronics,East,1,19.54,0.15,10.04
ORD02977,7/27/2024,CUST0345,Ballpoint Pens (Pack of 12),Office Supplies,North,1,8.99,0,5.79
ORD00148,7/28/2024,CUST0047,Spiral Notebooks (3-Pack),Office Supplies,North,4,47.97,0.2,24.77
ORD00492,7/28/2024,CUST0166,Ballpoint Pens (Pack of 12),Office Supplies,East,2,17.98,0,11.58
ORD00664,7/28/2024,CUST0080,HD Webcam 1080p,Technology,East,2,119.98,0,55.98
ORD01480,7/28/2024,CUST0013,Dual Monitor Arm,Technology,North,3,269.97,0,113.97
ORD00371,7/29/2024,CUST0104,Adjustable Footrest,Furniture,East,3,104.97,0,50.97
ORD00450,7/29/2024,CUST0189,Wireless Charging Pad,Electronics,North,2,59.98,0,30.98
ORD01264,7/29/2024,CUST0031,Heavy-Duty Stapler,Office Supplies,West,2,39.98,0,22.98
ORD01617,7/29/2024,CUST0245,Ballpoint Pens (Pack of 12),Office Supplies,West,1,8.54,0.05,5.34
ORD02574,7/29/2024,CUST0198,A4 Printer Paper (Ream),Office Supplies,West,1,12.34,0.05,5.54
ORD00761,7/30/2024,CUST0101,Whiteboard Markers,Office Supplies,East,1,10.34,0.1,5.84
ORD01613,7/30/2024,CUST0008,Standing Desk Converter,Furniture,West,8,1999.92,0,599.92
ORD01872,7/30/2024,CUST0133,Whiteboard Markers,Office Supplies,East,3,34.47,0,20.97
ORD02441,7/30/2024,CUST0223,Wireless Laser Presenter,Electronics,East,2,45.98,0,26.98
ORD00188,7/31/2024,CUST0225,Desk Organizer Mesh,Furniture,East,9,224.91,0,121.41
ORD00349,7/31/2024,CUST0020,Surge Protector Power Strip,Electronics,East,2,38.98,0.25,13.98
ORD01577,7/31/2024,CUST0109,Permanent Sticky Notes,Office Supplies,West,2,13.98,0,9.58
ORD02384,8/1/2024,CUST0170,Bluetooth Speaker,Electronics,South,1,47.49,0.05,19.49
ORD02841,8/1/2024,CUST0019,Desk Organizer Mesh,Furniture,East,5,124.95,0,67.45
ORD02924,8/1/2024,CUST0023,Noise-Canceling Headset,Technology,North,2,259.98,0,103.98
ORD00439,8/2/2024,CUST0103,Standing Desk Converter,Furniture,North,2,499.98,0,149.98
ORD00748,8/2/2024,CUST0292,Surge Protector Power Strip,Electronics,West,1,23.39,0.1,10.89
ORD01491,8/2/2024,CUST0095,Ergonomic Office Chair,Furniture,North,2,379.98,0.05,103.98
ORD01651,8/2/2024,CUST0331,Laptop Stand,Technology,North,1,39.99,0,17.99
ORD02550,8/2/2024,CUST0009,Spiral Notebooks (3-Pack),Office Supplies,East,2,26.98,0.1,15.38
ORD02593,8/2/2024,CUST0055,Bluetooth Speaker,Electronics,North,2,84.98,0.15,28.98
ORD02617,8/2/2024,CUST0285,Mechanical Keyboard,Technology,East,4,319.96,0,135.96
ORD00012,8/3/2024,CUST0295,Adjustable Footrest,Furniture,East,5,157.46,0.1,67.46
ORD00475,8/3/2024,CUST0139,Heavy-Duty Stapler,Office Supplies,West,2,39.98,0,22.98
ORD00733,8/3/2024,CUST0150,A4 Printer Paper (Ream),Office Supplies,East,2,23.38,0.1,9.78
ORD02385,8/3/2024,CUST0317,USB-C Docking Station,Technology,West,7,944.94,0.1,279.94
ORD02479,8/3/2024,CUST0073,HDMI Cable 4K (6ft),Electronics,East,2,23.98,0.2,14.38
ORD02711,8/3/2024,CUST0166,Desk Organizer Mesh,Furniture,West,2,49.98,0,26.98
ORD00176,8/4/2024,CUST0142,Surge Protector Power Strip,Electronics,North,3,70.17,0.1,32.67
ORD00284,8/4/2024,CUST0179,Mechanical Keyboard,Technology,West,5,339.96,0.15,109.96
ORD00452,8/4/2024,CUST0002,Document Folder Set,Office Supplies,West,1,16.14,0.05,9.14
ORD01667,8/4/2024,CUST0220,Dual Monitor Arm,Technology,West,1,89.99,0,37.99
ORD01863,8/4/2024,CUST0128,Surge Protector Power Strip,Electronics,North,3,77.97,0,40.47
ORD02802,8/4/2024,CUST0232,Heavy-Duty Stapler,Office Supplies,North,5,99.95,0,57.45
ORD00483,8/5/2024,CUST0002,Noise-Canceling Headset,Technology,North,1,129.99,0,51.99
ORD01012,8/5/2024,CUST0010,Wireless Laser Presenter,Electronics,South,4,78.17,0.15,40.17
ORD01168,8/5/2024,CUST0297,Desk Organizer Mesh,Furniture,North,1,22.49,0.1,10.99
ORD02285,8/5/2024,CUST0029,Ergonomic Office Chair,Furniture,South,4,639.97,0.2,87.97
ORD02343,8/5/2024,CUST0002,A4 Printer Paper (Ream),Office Supplies,South,2,22.08,0.15,8.48
ORD00257,8/6/2024,CUST0127,Bookshelf 4-Tier,Furniture,North,2,203.98,0.15,39.98
ORD00319,8/6/2024,CUST0268,Adjustable Footrest,Furniture,West,1,29.74,0.15,11.74
ORD02286,8/6/2024,CUST0152,Surge Protector Power Strip,Electronics,West,5,129.95,0,67.45
ORD02730,8/6/2024,CUST0330,Document Folder Set,Office Supplies,East,4,50.97,0.25,22.97
ORD00470,8/7/2024,CUST0311,Wireless Laser Presenter,Electronics,West,1,17.24,0.25,7.74
ORD01583,8/7/2024,CUST0076,Standing Desk Converter,Furniture,West,1,249.99,0,74.99
ORD01876,8/7/2024,CUST0119,Spiral Notebooks (3-Pack),Office Supplies,North,1,11.24,0.25,5.44
ORD01880,8/7/2024,CUST0163,USB-C Docking Station,Technology,North,3,359.98,0.2,74.98
ORD02654,8/7/2024,CUST0184,External SSD 1TB,Technology,East,4,383.97,0.2,83.97
ORD01073,8/8/2024,CUST0038,Heavy-Duty Stapler,Office Supplies,South,10,199.9,0,114.9
ORD01323,8/8/2024,CUST0023,Document Folder Set,Office Supplies,East,2,30.58,0.1,16.58
ORD01700,8/8/2024,CUST0357,Permanent Sticky Notes,Office Supplies,West,1,5.94,0.15,3.74
ORD00117,7/9/2024,CUST0088,Mechanical Keyboard,Technology,South,4,287.96,0.1,103.96
ORD01900,8/8/2024,CUST0165,Desk Organizer Mesh,Furniture,South,6,149.94,0,80.94
ORD02244,8/8/2024,CUST0165,Ballpoint Pens (Pack of 12),Office Supplies,South,1,8.99,0,5.79
ORD02555,8/8/2024,CUST0059,Laptop Stand,Technology,West,2,75.98,0.05,31.98
ORD02960,8/8/2024,CUST0230,Heavy-Duty Stapler,Office Supplies,North,1,16.99,0.15,8.49
ORD00287,8/9/2024,CUST0001,Spiral Notebooks (3-Pack),Office Supplies,North,3,42.72,0.05,25.32
ORD00469,8/9/2024,CUST0299,Ergonomic Office Chair,Furniture,South,5,999.95,0,309.95
ORD00534,8/9/2024,CUST0084,HDMI Cable 4K (6ft),Electronics,South,9,114.67,0.15,71.47
ORD01123,8/9/2024,CUST0010,Ballpoint Pens (Pack of 12),Office Supplies,South,3,26.97,0,17.37
ORD02347,8/9/2024,CUST0334,Standing Desk Converter,Furniture,South,3,599.98,0.2,74.98
ORD02399,8/9/2024,CUST0282,Heavy-Duty Stapler,Office Supplies,South,1,15.99,0.2,7.49
ORD00434,8/10/2024,CUST0079,Whiteboard Markers,Office Supplies,North,3,34.47,0,20.97
ORD00519,8/10/2024,CUST0177,Laptop Stand,Technology,West,1,35.99,0.1,13.99
ORD00870,8/10/2024,CUST0310,Ergonomic Office Chair,Furniture,North,2,339.98,0.15,63.98
ORD00896,8/10/2024,CUST0176,Spiral Notebooks (3-Pack),Office Supplies,West,2,26.98,0.1,15.38
ORD01160,8/10/2024,CUST0289,Surge Protector Power Strip,Electronics,West,1,25.99,0,13.49
ORD01858,8/10/2024,CUST0193,Document Folder Set,Office Supplies,South,3,50.97,0,29.97
ORD02681,8/10/2024,CUST0188,External SSD 1TB,Technology,West,2,215.98,0.1,65.98
ORD00240,8/11/2024,CUST0004,Wireless Laser Presenter,Electronics,North,2,43.68,0.05,24.68
ORD00637,8/11/2024,CUST0290,Lumbar Support Cushion,Furniture,West,1,29.99,0,15.99
ORD01912,8/11/2024,CUST0237,USB-C Docking Station,Technology,South,1,134.99,0.1,39.99
ORD02265,8/11/2024,CUST0037,A4 Printer Paper (Ream),Office Supplies,North,2,25.98,0,12.38
ORD00112,8/12/2024,CUST0138,Noise-Canceling Headset,Technology,East,1,129.99,0,51.99
ORD00348,8/12/2024,CUST0238,Bookshelf 4-Tier,Furniture,West,2,239.98,0,75.98
ORD00643,8/12/2024,CUST0185,Wireless Laser Presenter,Electronics,South,1,22.99,0,13.49
ORD00649,8/12/2024,CUST0167,Document Folder Set,Office Supplies,South,1,16.14,0.05,9.14
ORD01563,8/12/2024,CUST0039,External SSD 1TB,Technology,West,8,959.92,0,359.92
ORD01770,8/12/2024,CUST0051,Spiral Notebooks (3-Pack),Office Supplies,East,7,83.94,0.2,43.34
ORD01845,8/12/2024,CUST0303,Wireless Laser Presenter,Electronics,South,4,91.96,0,53.96
ORD01940,8/12/2024,CUST0361,Spiral Notebooks (3-Pack),Office Supplies,West,1,12.74,0.15,6.94
ORD02250,8/12/2024,CUST0352,Heavy-Duty Stapler,Office Supplies,West,3,59.97,0,34.47
ORD02346,8/12/2024,CUST0277,Document Folder Set,Office Supplies,West,5,84.95,0,49.95
ORD02349,8/12/2024,CUST0016,Surge Protector Power Strip,Electronics,West,1,24.69,0.05,12.19
ORD02734,8/12/2024,CUST0177,Document Folder Set,Office Supplies,West,2,25.48,0.25,11.48
ORD00638,8/13/2024,CUST0010,Whiteboard Markers,Office Supplies,South,2,21.83,0.05,12.83
ORD00170,8/14/2024,CUST0105,USB-C Docking Station,Technology,North,1,127.49,0.15,32.49
ORD00754,8/14/2024,CUST0271,Ergonomic Office Chair,Furniture,North,2,399.98,0,123.98
ORD00806,8/14/2024,CUST0102,Spiral Notebooks (3-Pack),Office Supplies,East,2,28.48,0.05,16.88
ORD01715,8/14/2024,CUST0088,Mechanical Keyboard,Technology,South,1,79.99,0,33.99
ORD01801,8/14/2024,CUST0070,HDMI Cable 4K (6ft),Electronics,East,2,29.98,0,20.38
ORD02534,8/14/2024,CUST0125,External SSD 1TB,Technology,North,4,479.96,0,179.96
ORD02676,8/14/2024,CUST0078,Whiteboard Markers,Office Supplies,North,2,22.98,0,13.98
ORD02963,8/14/2024,CUST0207,Permanent Sticky Notes,Office Supplies,North,1,5.94,0.15,3.74
ORD00756,8/15/2024,CUST0056,Noise-Canceling Headset,Technology,South,2,259.98,0,103.98
ORD01129,8/15/2024,CUST0129,Bookshelf 4-Tier,Furniture,South,1,113.99,0.05,31.99
ORD02909,8/15/2024,CUST0025,Standing Desk Converter,Furniture,West,2,474.98,0.05,124.98
ORD00142,8/16/2024,CUST0057,Dual Monitor Arm,Technology,South,2,179.98,0,75.98
ORD01083,8/16/2024,CUST0082,Portable Power Bank 20000mAh,Electronics,South,2,75.98,0.05,32.98
ORD01153,8/16/2024,CUST0224,HD Webcam 1080p,Technology,East,4,239.96,0,111.96
ORD01722,8/16/2024,CUST0221,External SSD 1TB,Technology,South,3,359.97,0,134.97
ORD00245,8/17/2024,CUST0013,Spiral Notebooks (3-Pack),Office Supplies,West,1,11.99,0.2,6.19
ORD00582,8/17/2024,CUST0098,Standing Desk Converter,Furniture,East,1,249.99,0,74.99
ORD00880,8/17/2024,CUST0292,Document Folder Set,Office Supplies,East,1,16.99,0,9.99
ORD01351,8/17/2024,CUST0200,Document Folder Set,Office Supplies,East,3,45.87,0.1,24.87
ORD02181,8/17/2024,CUST0009,A4 Printer Paper (Ream),Office Supplies,East,1,12.99,0,6.19
ORD02221,8/17/2024,CUST0199,Bluetooth Speaker,Electronics,East,2,99.98,0,43.98
ORD02355,8/18/2024,CUST0027,Heavy-Duty Stapler,Office Supplies,West,1,19.99,0,11.49
ORD02761,8/18/2024,CUST0254,Document Folder Set,Office Supplies,North,2,33.98,0,19.98
ORD02831,8/18/2024,CUST0117,Whiteboard Markers,Office Supplies,South,2,22.98,0,13.98
ORD00048,8/19/2024,CUST0123,Ergonomic Office Chair,Furniture,South,5,849.96,0.15,159.96
ORD01560,8/19/2024,CUST0002,Whiteboard Markers,Office Supplies,West,3,25.85,0.25,12.35
ORD02391,8/19/2024,CUST0080,External SSD 1TB,Technology,South,1,119.99,0,44.99
ORD02742,8/19/2024,CUST0050,Whiteboard Markers,Office Supplies,West,2,22.98,0,13.98
ORD00014,8/20/2024,CUST0068,External SSD 1TB,Technology,East,1,119.99,0,44.99
ORD00496,8/20/2024,CUST0197,A4 Printer Paper (Ream),Office Supplies,South,3,35.07,0.1,14.67
ORD00874,8/20/2024,CUST0001,Lumbar Support Cushion,Furniture,North,3,89.97,0,47.97
ORD01144,8/20/2024,CUST0167,External SSD 1TB,Technology,South,1,119.99,0,44.99
ORD01466,8/20/2024,CUST0001,HDMI Cable 4K (6ft),Electronics,North,4,56.96,0.05,37.76
ORD00074,8/21/2024,CUST0342,Noise-Canceling Headset,Technology,East,2,194.99,0.25,38.99
ORD00426,8/21/2024,CUST0008,USB-C Docking Station,Technology,South,2,284.98,0.05,94.98
ORD00973,8/21/2024,CUST0212,Wireless Laser Presenter,Electronics,North,2,45.98,0,26.98
ORD01702,8/21/2024,CUST0015,Filing Cabinet,Furniture,South,4,543.97,0.15,95.97
ORD02857,8/21/2024,CUST0176,Noise-Canceling Headset,Technology,South,3,389.97,0,155.97
ORD02892,8/21/2024,CUST0005,Noise-Canceling Headset,Technology,East,5,454.96,0.3,64.96
ORD00163,8/22/2024,CUST0122,Desk Organizer Mesh,Furniture,East,2,44.98,0.1,21.98
ORD01657,8/22/2024,CUST0064,A4 Printer Paper (Ream),Office Supplies,West,2,23.38,0.1,9.78
ORD01820,8/22/2024,CUST0015,Document Folder Set,Office Supplies,West,4,67.96,0,39.96
ORD02216,8/22/2024,CUST0369,Surge Protector Power Strip,Electronics,West,2,46.78,0.1,21.78
ORD02228,8/22/2024,CUST0005,Whiteboard Markers,Office Supplies,West,1,9.77,0.15,5.27
ORD02738,8/22/2024,CUST0010,Heavy-Duty Stapler,Office Supplies,North,1,19.99,0,11.49
ORD02889,8/22/2024,CUST0021,Wireless Charging Pad,Electronics,North,4,119.96,0,61.96
ORD00486,8/23/2024,CUST0123,Lumbar Support Cushion,Furniture,West,3,80.97,0.1,38.97
ORD00630,8/23/2024,CUST0286,Bookshelf 4-Tier,Furniture,North,3,251.98,0.3,5.98
ORD00151,8/24/2024,CUST0215,USB-C Docking Station,Technology,East,4,539.96,0.1,159.96
ORD00926,8/24/2024,CUST0312,Dual Monitor Arm,Technology,North,1,76.49,0.15,24.49
ORD01024,8/24/2024,CUST0205,Whiteboard Markers,Office Supplies,East,1,8.62,0.25,4.12
ORD00104,8/25/2024,CUST0373,Desk Organizer Mesh,Furniture,North,7,174.93,0,94.43
ORD01499,8/25/2024,CUST0100,Whiteboard Markers,Office Supplies,South,4,43.66,0.05,25.66
ORD02582,8/25/2024,CUST0121,Wireless Charging Pad,Electronics,West,6,170.94,0.05,83.94
ORD02625,8/25/2024,CUST0298,Whiteboard Markers,Office Supplies,East,2,20.68,0.1,11.68
ORD01760,8/26/2024,CUST0040,Laptop Stand,Technology,South,1,37.99,0.05,15.99
ORD02319,8/26/2024,CUST0117,HD Webcam 1080p,Technology,North,2,83.99,0.3,19.99
ORD02443,8/26/2024,CUST0040,HDMI Cable 4K (6ft),Electronics,West,2,26.98,0.1,17.38
ORD00526,8/27/2024,CUST0096,Whiteboard Markers,Office Supplies,North,2,22.98,0,13.98
ORD00589,8/27/2024,CUST0022,Dual Monitor Arm,Technology,East,10,854.9,0.05,334.9
ORD00905,8/27/2024,CUST0223,USB-C Docking Station,Technology,East,1,149.99,0,54.99
ORD01242,8/27/2024,CUST0024,Desk Organizer Mesh,Furniture,West,1,21.24,0.15,9.74
ORD01925,8/27/2024,CUST0074,Noise-Canceling Headset,Technology,North,2,181.99,0.3,25.99
ORD02420,8/27/2024,CUST0001,External SSD 1TB,Technology,West,2,179.98,0.25,29.98
ORD01543,8/28/2024,CUST0023,HD Webcam 1080p,Technology,West,2,119.98,0,55.98
ORD01815,8/28/2024,CUST0019,Bluetooth Speaker,Electronics,North,7,349.93,0,153.93
ORD00078,8/29/2024,CUST0128,HD Webcam 1080p,Technology,South,5,299.95,0,139.95
ORD01239,8/29/2024,CUST0336,Heavy-Duty Stapler,Office Supplies,East,1,19.99,0,11.49
ORD00842,8/30/2024,CUST0027,Lumbar Support Cushion,Furniture,East,1,28.49,0.05,14.49
ORD01259,8/30/2024,CUST0017,Adjustable Footrest,Furniture,East,1,34.99,0,16.99
ORD01415,8/30/2024,CUST0013,Permanent Sticky Notes,Office Supplies,West,1,6.99,0,4.79
ORD01987,8/30/2024,CUST0259,Ergonomic Office Chair,Furniture,East,1,159.99,0.2,21.99
ORD02733,8/30/2024,CUST0048,Desk Organizer Mesh,Furniture,East,3,74.97,0,40.47
ORD00739,8/31/2024,CUST0117,Spiral Notebooks (3-Pack),Office Supplies,West,2,28.48,0.05,16.88
ORD00986,8/31/2024,CUST0185,Ballpoint Pens (Pack of 12),Office Supplies,South,5,44.95,0,28.95
ORD02050,8/31/2024,CUST0108,Bookshelf 4-Tier,Furniture,West,2,239.98,0,75.98
ORD02109,8/31/2024,CUST0235,Noise-Canceling Headset,Technology,North,2,259.98,0,103.98
ORD02162,8/31/2024,CUST0110,Permanent Sticky Notes,Office Supplies,North,2,9.79,0.3,5.39
ORD00069,9/1/2024,CUST0045,Whiteboard Markers,Office Supplies,East,3,32.75,0.05,19.25
ORD00938,9/1/2024,CUST0275,Standing Desk Converter,Furniture,West,3,749.97,0,224.97
ORD01065,9/1/2024,CUST0026,Adjustable Footrest,Furniture,West,3,94.47,0.1,40.47
ORD02448,9/1/2024,CUST0038,Heavy-Duty Stapler,Office Supplies,West,2,39.98,0,22.98
ORD02638,9/1/2024,CUST0026,HDMI Cable 4K (6ft),Electronics,South,2,28.48,0.05,18.88
ORD02874,9/1/2024,CUST0124,Desk Organizer Mesh,Furniture,North,6,127.45,0.15,58.45
ORD00092,9/2/2024,CUST0193,Laptop Stand,Technology,East,1,39.99,0,17.99
ORD00855,9/2/2024,CUST0017,Ergonomic Office Chair,Furniture,East,4,799.96,0,247.96
ORD02840,9/2/2024,CUST0055,Dual Monitor Arm,Technology,South,1,89.99,0,37.99
ORD00203,9/3/2024,CUST0061,Noise-Canceling Headset,Technology,East,3,311.98,0.2,77.98
ORD00264,9/3/2024,CUST0093,Portable Power Bank 20000mAh,Electronics,East,3,113.97,0.05,49.47
ORD00904,9/4/2024,CUST0006,USB-C Docking Station,Technology,West,2,299.98,0,109.98
ORD02333,9/4/2024,CUST0201,Dual Monitor Arm,Technology,East,1,80.99,0.1,28.99
ORD02530,9/4/2024,CUST0118,Wireless Laser Presenter,Electronics,North,1,18.39,0.2,8.89
ORD00122,9/5/2024,CUST0106,Bluetooth Speaker,Electronics,South,4,199.96,0,87.96
ORD01120,9/5/2024,CUST0241,Whiteboard Markers,Office Supplies,South,4,36.77,0.2,18.77
ORD01711,9/5/2024,CUST0131,Ergonomic Office Chair,Furniture,South,1,189.99,0.05,51.99
ORD02487,9/5/2024,CUST0182,HD Webcam 1080p,Technology,West,10,599.9,0,279.9
ORD02780,9/5/2024,CUST0135,Bookshelf 4-Tier,Furniture,South,4,479.96,0,151.96
ORD01555,9/6/2024,CUST0026,Mechanical Keyboard,Technology,South,2,159.98,0,67.98
ORD02067,9/6/2024,CUST0278,Standing Desk Converter,Furniture,North,1,224.99,0.1,49.99
ORD00489,9/7/2024,CUST0249,Mechanical Keyboard,Technology,West,1,59.99,0.25,13.99
ORD00605,9/7/2024,CUST0012,Document Folder Set,Office Supplies,North,3,50.97,0,29.97
ORD00966,9/7/2024,CUST0027,External SSD 1TB,Technology,North,1,101.99,0.15,26.99
ORD01808,9/7/2024,CUST0236,Permanent Sticky Notes,Office Supplies,East,4,27.96,0,19.16
ORD02765,9/7/2024,CUST0335,Dual Monitor Arm,Technology,North,2,170.98,0.05,66.98
ORD02851,9/7/2024,CUST0080,Noise-Canceling Headset,Technology,West,1,129.99,0,51.99
ORD02865,9/7/2024,CUST0366,Ergonomic Office Chair,Furniture,East,2,319.98,0.2,43.98
ORD00187,9/8/2024,CUST0013,Heavy-Duty Stapler,Office Supplies,North,4,75.96,0.05,41.96
ORD00983,9/8/2024,CUST0208,Ballpoint Pens (Pack of 12),Office Supplies,South,1,8.99,0,5.79
ORD01038,9/8/2024,CUST0281,Whiteboard Markers,Office Supplies,North,1,10.34,0.1,5.84
ORD01226,9/8/2024,CUST0009,Spiral Notebooks (3-Pack),Office Supplies,East,1,14.24,0.05,8.44
ORD00940,9/9/2024,CUST0345,Portable Power Bank 20000mAh,Electronics,South,4,159.96,0,73.96
ORD01793,9/9/2024,CUST0254,USB-C Docking Station,Technology,South,6,899.94,0,329.94
ORD01828,9/10/2024,CUST0075,Adjustable Footrest,Furniture,North,3,104.97,0,50.97
ORD01601,9/11/2024,CUST0118,Bluetooth Speaker,Electronics,West,1,44.99,0.1,16.99
ORD01631,9/11/2024,CUST0035,Portable Power Bank 20000mAh,Electronics,East,2,79.98,0,36.98
ORD02872,9/11/2024,CUST0133,Wireless Laser Presenter,Electronics,West,1,18.39,0.2,8.89
ORD00103,9/12/2024,CUST0142,Document Folder Set,Office Supplies,East,2,33.98,0,19.98
ORD01077,9/12/2024,CUST0010,HD Webcam 1080p,Technology,South,2,119.98,0,55.98
ORD01424,9/12/2024,CUST0002,Mechanical Keyboard,Technology,West,1,79.99,0,33.99
ORD02218,9/12/2024,CUST0023,Document Folder Set,Office Supplies,West,1,16.99,0,9.99
ORD00023,9/13/2024,CUST0075,Mechanical Keyboard,Technology,East,3,215.97,0.1,77.97
ORD01430,9/13/2024,CUST0063,Dual Monitor Arm,Technology,South,3,269.97,0,113.97
ORD00398,9/14/2024,CUST0037,Bluetooth Speaker,Electronics,West,3,149.97,0,65.97
ORD02641,9/14/2024,CUST0002,Portable Power Bank 20000mAh,Electronics,East,2,79.98,0,36.98
ORD02826,9/14/2024,CUST0001,USB-C Docking Station,Technology,North,3,449.97,0,164.97
ORD00214,9/15/2024,CUST0113,Dual Monitor Arm,Technology,North,1,89.99,0,37.99
ORD00697,9/15/2024,CUST0028,Whiteboard Markers,Office Supplies,West,6,68.94,0,41.94
ORD00760,9/15/2024,CUST0277,Mechanical Keyboard,Technology,West,2,159.98,0,67.98
ORD01697,9/15/2024,CUST0264,Spiral Notebooks (3-Pack),Office Supplies,East,2,28.48,0.05,16.88
ORD02085,9/15/2024,CUST0269,Ballpoint Pens (Pack of 12),Office Supplies,South,2,16.18,0.1,9.78
ORD02815,9/15/2024,CUST0013,Document Folder Set,Office Supplies,East,8,135.92,0,79.92
ORD00864,9/16/2024,CUST0086,Standing Desk Converter,Furniture,South,1,249.99,0,74.99
ORD01551,9/16/2024,CUST0123,HDMI Cable 4K (6ft),Electronics,North,4,59.96,0,40.76
ORD01749,9/16/2024,CUST0022,Ballpoint Pens (Pack of 12),Office Supplies,North,4,30.57,0.15,17.77
ORD02334,9/16/2024,CUST0107,Spiral Notebooks (3-Pack),Office Supplies,North,1,13.49,0.1,7.69
ORD01097,9/17/2024,CUST0104,Wireless Laser Presenter,Electronics,West,3,48.28,0.3,19.78
ORD01591,9/17/2024,CUST0022,USB-C Docking Station,Technology,East,3,404.97,0.1,119.97
ORD02117,9/17/2024,CUST0251,Desk Organizer Mesh,Furniture,South,2,49.98,0,26.98
ORD02639,9/17/2024,CUST0117,Laptop Stand,Technology,East,3,83.98,0.3,17.98
ORD02922,9/17/2024,CUST0002,Whiteboard Markers,Office Supplies,South,1,9.77,0.15,5.27
ORD00234,9/18/2024,CUST0037,HDMI Cable 4K (6ft),Electronics,North,1,14.99,0,10.19
ORD00867,9/18/2024,CUST0314,Permanent Sticky Notes,Office Supplies,West,1,5.59,0.2,3.39
ORD00989,9/18/2024,CUST0156,HDMI Cable 4K (6ft),Electronics,North,3,44.97,0,30.57
ORD01328,9/18/2024,CUST0039,Wireless Laser Presenter,Electronics,West,4,91.96,0,53.96
ORD02301,9/18/2024,CUST0049,Bluetooth Speaker,Electronics,North,1,47.49,0.05,19.49
ORD02302,9/18/2024,CUST0166,HD Webcam 1080p,Technology,East,5,299.95,0,139.95
ORD00852,9/19/2024,CUST0061,USB-C Docking Station,Technology,North,1,119.99,0.2,24.99
ORD01475,9/19/2024,CUST0009,Permanent Sticky Notes,Office Supplies,West,4,27.96,0,19.16
ORD01868,9/19/2024,CUST0324,Wireless Laser Presenter,Electronics,East,2,45.98,0,26.98
ORD02052,9/19/2024,CUST0305,Noise-Canceling Headset,Technology,East,1,116.99,0.1,38.99
ORD00592,9/20/2024,CUST0184,A4 Printer Paper (Ream),Office Supplies,South,1,9.74,0.25,2.94
ORD02023,9/20/2024,CUST0071,External SSD 1TB,Technology,East,3,359.97,0,134.97
ORD02195,9/20/2024,CUST0133,Surge Protector Power Strip,Electronics,East,8,207.92,0,107.92
ORD02912,9/20/2024,CUST0106,Document Folder Set,Office Supplies,South,7,118.93,0,69.93
ORD00367,9/21/2024,CUST0140,Ballpoint Pens (Pack of 12),Office Supplies,North,1,8.99,0,5.79
ORD00608,9/21/2024,CUST0144,Portable Power Bank 20000mAh,Electronics,East,1,37.99,0.05,16.49
ORD00963,9/21/2024,CUST0280,Portable Power Bank 20000mAh,Electronics,East,1,39.99,0,18.49
ORD02547,9/21/2024,CUST0001,Document Folder Set,Office Supplies,North,2,33.98,0,19.98
ORD00252,9/22/2024,CUST0074,Surge Protector Power Strip,Electronics,West,6,140.35,0.1,65.35
ORD00763,9/22/2024,CUST0380,Bookshelf 4-Tier,Furniture,South,4,479.96,0,151.96
ORD02360,9/22/2024,CUST0114,Wireless Laser Presenter,Electronics,East,2,45.98,0,26.98
ORD02602,9/22/2024,CUST0151,Mechanical Keyboard,Technology,South,4,319.96,0,135.96
ORD00324,9/23/2024,CUST0319,Heavy-Duty Stapler,Office Supplies,North,2,39.98,0,22.98
ORD01663,9/23/2024,CUST0086,Whiteboard Markers,Office Supplies,East,2,22.98,0,13.98
ORD01991,9/23/2024,CUST0008,Laptop Stand,Technology,East,5,149.96,0.25,39.96
ORD02103,9/23/2024,CUST0063,Ergonomic Office Chair,Furniture,North,1,199.99,0,61.99
ORD02179,9/23/2024,CUST0282,USB-C Docking Station,Technology,North,3,449.97,0,164.97
ORD02478,9/23/2024,CUST0007,Ergonomic Office Chair,Furniture,West,3,599.97,0,185.97
ORD02484,9/23/2024,CUST0174,A4 Printer Paper (Ream),Office Supplies,East,2,23.38,0.1,9.78
ORD02824,9/23/2024,CUST0105,A4 Printer Paper (Ream),Office Supplies,South,1,12.99,0,6.19
ORD01293,9/24/2024,CUST0278,Laptop Stand,Technology,East,1,39.99,0,17.99
ORD02698,9/24/2024,CUST0375,Bookshelf 4-Tier,Furniture,East,6,719.94,0,227.94
ORD02774,9/24/2024,CUST0030,Desk Organizer Mesh,Furniture,South,5,106.21,0.15,48.71
ORD02887,9/24/2024,CUST0171,Wireless Laser Presenter,Electronics,East,5,97.71,0.15,50.21
ORD00536,9/25/2024,CUST0161,Portable Power Bank 20000mAh,Electronics,North,3,89.98,0.25,25.48
ORD00564,9/25/2024,CUST0114,Wireless Laser Presenter,Electronics,North,3,68.97,0,40.47
ORD01363,9/25/2024,CUST0003,Lumbar Support Cushion,Furniture,East,2,50.98,0.15,22.98
ORD01897,9/25/2024,CUST0203,Ballpoint Pens (Pack of 12),Office Supplies,South,1,8.99,0,5.79
ORD01121,9/26/2024,CUST0007,Spiral Notebooks (3-Pack),Office Supplies,West,2,29.98,0,18.38
ORD00685,9/27/2024,CUST0027,Spiral Notebooks (3-Pack),Office Supplies,West,4,59.96,0,36.76
ORD01964,9/27/2024,CUST0096,Dual Monitor Arm,Technology,West,2,179.98,0,75.98
ORD02515,9/27/2024,CUST0210,HDMI Cable 4K (6ft),Electronics,South,4,50.97,0.15,31.77
ORD02591,9/27/2024,CUST0059,Noise-Canceling Headset,Technology,West,1,97.49,0.25,19.49
ORD00172,9/28/2024,CUST0150,Heavy-Duty Stapler,Office Supplies,East,3,53.97,0.1,28.47
ORD00523,9/28/2024,CUST0033,Ballpoint Pens (Pack of 12),Office Supplies,West,1,8.99,0,5.79
ORD02925,9/28/2024,CUST0096,Heavy-Duty Stapler,Office Supplies,West,6,119.94,0,68.94
ORD00780,9/29/2024,CUST0126,Mechanical Keyboard,Technology,South,1,79.99,0,33.99
ORD01866,9/29/2024,CUST0002,Document Folder Set,Office Supplies,West,4,67.96,0,39.96
ORD02709,9/29/2024,CUST0289,Standing Desk Converter,Furniture,East,1,249.99,0,74.99
ORD02789,9/29/2024,CUST0204,A4 Printer Paper (Ream),Office Supplies,North,2,25.98,0,12.38
ORD00491,9/30/2024,CUST0067,Mechanical Keyboard,Technology,West,8,543.93,0.15,175.93
ORD00943,9/30/2024,CUST0006,Noise-Canceling Headset,Technology,East,2,246.98,0.05,90.98
ORD02473,9/30/2024,CUST0268,Laptop Stand,Technology,North,4,151.96,0.05,63.96
ORD02199,10/1/2024,CUST0028,Dual Monitor Arm,Technology,South,4,341.96,0.05,133.96
ORD00561,10/2/2024,CUST0173,Desk Organizer Mesh,Furniture,East,1,22.49,0.1,10.99
ORD00679,10/2/2024,CUST0055,Mechanical Keyboard,Technology,West,1,79.99,0,33.99
ORD00951,10/2/2024,CUST0007,Bookshelf 4-Tier,Furniture,South,1,119.99,0,37.99
ORD01517,10/2/2024,CUST0004,Noise-Canceling Headset,Technology,East,1,123.49,0.05,45.49
ORD02007,10/2/2024,CUST0051,Spiral Notebooks (3-Pack),Office Supplies,North,4,59.96,0,36.76
ORD02041,10/2/2024,CUST0025,Laptop Stand,Technology,East,1,39.99,0,17.99
ORD00588,10/3/2024,CUST0005,Mechanical Keyboard,Technology,East,4,303.96,0.05,119.96
ORD01588,10/3/2024,CUST0160,External SSD 1TB,Technology,East,5,599.95,0,224.95
ORD01652,10/3/2024,CUST0229,A4 Printer Paper (Ream),Office Supplies,East,2,20.78,0.2,7.18
ORD01935,10/3/2024,CUST0358,Ballpoint Pens (Pack of 12),Office Supplies,West,1,8.99,0,5.79
ORD02911,10/3/2024,CUST0324,A4 Printer Paper (Ream),Office Supplies,East,4,51.96,0,24.76
ORD00189,10/4/2024,CUST0081,Adjustable Footrest,Furniture,South,1,34.99,0,16.99
ORD01255,10/4/2024,CUST0028,USB-C Docking Station,Technology,East,3,337.48,0.25,52.48
ORD02338,10/4/2024,CUST0088,Whiteboard Markers,Office Supplies,South,1,10.34,0.1,5.84
ORD02982,10/4/2024,CUST0054,HD Webcam 1080p,Technology,West,7,377.94,0.1,153.94
ORD01011,10/5/2024,CUST0141,Laptop Stand,Technology,East,7,279.93,0,125.93
ORD00066,10/6/2024,CUST0202,Filing Cabinet,Furniture,North,3,479.97,0,143.97
ORD00759,10/6/2024,CUST0006,Permanent Sticky Notes,Office Supplies,West,9,62.91,0,43.11
ORD00813,10/6/2024,CUST0015,Dual Monitor Arm,Technology,West,3,269.97,0,113.97
ORD02142,9/29/2023,CUST0041,Heavy-Duty Stapler,Office Supplies,West,3,56.97,0.05,31.47
ORD00119,10/7/2024,CUST0027,Mechanical Keyboard,Technology,North,2,159.98,0,67.98
ORD00432,10/7/2024,CUST0005,Document Folder Set,Office Supplies,North,10,169.9,0,99.9
ORD00841,10/7/2024,CUST0097,HDMI Cable 4K (6ft),Electronics,East,1,14.99,0,10.19
ORD02295,10/7/2024,CUST0266,USB-C Docking Station,Technology,West,1,127.49,0.15,32.49
ORD02584,10/7/2024,CUST0040,Portable Power Bank 20000mAh,Electronics,North,1,39.99,0,18.49
ORD02716,10/7/2024,CUST0048,Mechanical Keyboard,Technology,East,4,287.96,0.1,103.96
ORD01660,10/8/2024,CUST0011,Ballpoint Pens (Pack of 12),Office Supplies,East,3,21.58,0.2,11.98
ORD02684,10/8/2024,CUST0239,Adjustable Footrest,Furniture,South,3,89.22,0.15,35.22
ORD00706,10/9/2024,CUST0042,Mechanical Keyboard,Technology,East,1,71.99,0.1,25.99
ORD01327,10/9/2024,CUST0059,HD Webcam 1080p,Technology,West,1,59.99,0,27.99
ORD01643,10/9/2024,CUST0016,Spiral Notebooks (3-Pack),Office Supplies,East,4,59.96,0,36.76
ORD01960,10/9/2024,CUST0318,Permanent Sticky Notes,Office Supplies,North,4,26.56,0.05,17.76
ORD02692,10/9/2024,CUST0196,HDMI Cable 4K (6ft),Electronics,East,5,74.95,0,50.95
ORD00064,10/10/2024,CUST0006,Surge Protector Power Strip,Electronics,East,1,25.99,0,13.49
ORD00557,10/10/2024,CUST0166,Permanent Sticky Notes,Office Supplies,East,1,6.29,0.1,4.09
ORD00045,10/11/2024,CUST0104,Noise-Canceling Headset,Technology,North,3,331.47,0.15,97.47
ORD00501,10/11/2024,CUST0341,External SSD 1TB,Technology,East,5,599.95,0,224.95
ORD01810,10/11/2024,CUST0025,Wireless Laser Presenter,Electronics,North,7,144.84,0.1,78.34
ORD00088,10/12/2024,CUST0088,External SSD 1TB,Technology,East,8,959.92,0,359.92
ORD01061,10/12/2024,CUST0002,Permanent Sticky Notes,Office Supplies,North,4,27.96,0,19.16
ORD01180,10/12/2024,CUST0163,Heavy-Duty Stapler,Office Supplies,South,1,19.99,0,11.49
ORD01201,10/12/2024,CUST0286,Bookshelf 4-Tier,Furniture,South,1,119.99,0,37.99
ORD01590,10/12/2024,CUST0345,Wireless Laser Presenter,Electronics,North,2,43.68,0.05,24.68
ORD01696,10/12/2024,CUST0024,Dual Monitor Arm,Technology,North,3,242.97,0.1,86.97
ORD02660,10/12/2024,CUST0020,HDMI Cable 4K (6ft),Electronics,South,2,23.98,0.2,14.38
ORD02699,10/12/2024,CUST0094,Heavy-Duty Stapler,Office Supplies,West,1,19.99,0,11.49
ORD00420,10/13/2024,CUST0296,Bluetooth Speaker,Electronics,East,2,89.98,0.1,33.98
ORD00660,10/13/2024,CUST0079,Permanent Sticky Notes,Office Supplies,South,1,6.64,0.05,4.44
ORD01139,10/13/2024,CUST0003,A4 Printer Paper (Ream),Office Supplies,West,1,12.99,0,6.19
ORD01220,10/13/2024,CUST0039,Bookshelf 4-Tier,Furniture,North,1,119.99,0,37.99
ORD02225,10/13/2024,CUST0012,Filing Cabinet,Furniture,East,2,287.98,0.1,63.98
ORD00071,10/14/2024,CUST0235,Standing Desk Converter,Furniture,South,1,249.99,0,74.99
ORD02920,10/14/2024,CUST0358,External SSD 1TB,Technology,South,1,101.99,0.15,26.99
ORD00237,10/15/2024,CUST0057,External SSD 1TB,Technology,West,1,113.99,0.05,38.99
ORD00464,10/15/2024,CUST0005,Wireless Charging Pad,Electronics,West,2,47.98,0.2,18.98
ORD00497,10/15/2024,CUST0315,Permanent Sticky Notes,Office Supplies,South,1,6.29,0.1,4.09
ORD00694,10/15/2024,CUST0179,Whiteboard Markers,Office Supplies,West,1,11.49,0,6.99
ORD01690,10/15/2024,CUST0007,Spiral Notebooks (3-Pack),Office Supplies,North,6,76.45,0.15,41.65
ORD02092,10/15/2024,CUST0084,Document Folder Set,Office Supplies,East,3,50.97,0,29.97
ORD00001,10/16/2024,CUST0215,External SSD 1TB,Technology,East,3,287.98,0.2,62.98
ORD00019,10/16/2024,CUST0020,Standing Desk Converter,Furniture,East,4,949.96,0.05,249.96
ORD00215,10/16/2024,CUST0087,USB-C Docking Station,Technology,East,1,142.49,0.05,47.49
ORD01836,10/16/2024,CUST0063,HD Webcam 1080p,Technology,East,1,59.99,0,27.99
ORD00651,10/17/2024,CUST0050,Permanent Sticky Notes,Office Supplies,South,6,41.94,0,28.74
ORD00764,10/17/2024,CUST0036,Ballpoint Pens (Pack of 12),Office Supplies,South,2,15.28,0.15,8.88
ORD02095,10/17/2024,CUST0039,USB-C Docking Station,Technology,West,5,599.96,0.2,124.96
ORD00984,10/18/2024,CUST0082,Heavy-Duty Stapler,Office Supplies,South,3,59.97,0,34.47
ORD01207,10/18/2024,CUST0004,Bluetooth Speaker,Electronics,South,2,99.98,0,43.98
ORD01629,10/18/2024,CUST0005,HD Webcam 1080p,Technology,North,1,56.99,0.05,24.99
ORD00248,10/19/2024,CUST0096,Wireless Laser Presenter,Electronics,South,2,41.38,0.1,22.38
ORD00565,10/19/2024,CUST0154,Wireless Laser Presenter,Electronics,West,2,39.08,0.15,20.08
ORD00804,10/19/2024,CUST0285,Wireless Laser Presenter,Electronics,East,2,45.98,0,26.98
ORD01360,10/19/2024,CUST0220,Heavy-Duty Stapler,Office Supplies,South,2,29.98,0.25,12.98
ORD02304,10/19/2024,CUST0012,A4 Printer Paper (Ream),Office Supplies,East,1,10.39,0.2,3.59
ORD00490,10/20/2024,CUST0308,HDMI Cable 4K (6ft),Electronics,North,2,26.98,0.1,17.38
ORD02124,10/20/2024,CUST0108,Standing Desk Converter,Furniture,East,1,199.99,0.2,24.99
ORD02359,10/20/2024,CUST0037,Heavy-Duty Stapler,Office Supplies,North,2,37.98,0.05,20.98
ORD02821,10/20/2024,CUST0189,Filing Cabinet,Furniture,North,3,335.98,0.3,-0.02
ORD00981,10/21/2024,CUST0002,HDMI Cable 4K (6ft),Electronics,South,2,25.48,0.15,15.88
ORD01212,10/21/2024,CUST0063,Heavy-Duty Stapler,Office Supplies,East,1,19.99,0,11.49
ORD01237,10/21/2024,CUST0318,Spiral Notebooks (3-Pack),Office Supplies,South,3,42.72,0.05,25.32
ORD02190,10/21/2024,CUST0020,HDMI Cable 4K (6ft),Electronics,West,1,14.24,0.05,9.44
ORD02972,10/21/2024,CUST0254,Permanent Sticky Notes,Office Supplies,West,3,20.97,0,14.37
ORD00330,10/22/2024,CUST0129,Bluetooth Speaker,Electronics,West,6,299.94,0,131.94
ORD00355,10/22/2024,CUST0068,Document Folder Set,Office Supplies,South,1,16.99,0,9.99
ORD00795,10/22/2024,CUST0006,Portable Power Bank 20000mAh,Electronics,West,3,119.97,0,55.47
ORD01335,10/22/2024,CUST0007,Spiral Notebooks (3-Pack),Office Supplies,East,1,14.99,0,9.19
ORD01407,10/22/2024,CUST0215,Dual Monitor Arm,Technology,West,2,179.98,0,75.98
ORD01432,10/22/2024,CUST0114,Ergonomic Office Chair,Furniture,North,1,169.99,0.15,31.99
ORD01501,10/22/2024,CUST0171,Bookshelf 4-Tier,Furniture,West,2,215.98,0.1,51.98
ORD02006,10/22/2024,CUST0221,Surge Protector Power Strip,Electronics,West,1,20.79,0.2,8.29
ORD02383,10/22/2024,CUST0004,A4 Printer Paper (Ream),Office Supplies,South,3,38.97,0,18.57
ORD00433,10/23/2024,CUST0010,Wireless Charging Pad,Electronics,North,7,209.93,0,108.43
ORD00743,10/23/2024,CUST0204,Noise-Canceling Headset,Technology,East,5,617.45,0.05,227.45
ORD01993,10/23/2024,CUST0075,Bluetooth Speaker,Electronics,South,3,149.97,0,65.97
ORD00577,10/25/2024,CUST0344,Permanent Sticky Notes,Office Supplies,North,1,6.64,0.05,4.44
ORD01036,10/25/2024,CUST0092,Adjustable Footrest,Furniture,South,3,104.97,0,50.97
ORD01843,10/25/2024,CUST0012,Ergonomic Office Chair,Furniture,West,2,399.98,0,123.98
ORD00390,10/26/2024,CUST0067,Adjustable Footrest,Furniture,East,2,69.98,0,33.98
ORD01059,10/26/2024,CUST0020,Ergonomic Office Chair,Furniture,East,2,359.98,0.1,83.98
ORD00389,10/27/2024,CUST0294,Bluetooth Speaker,Electronics,East,1,49.99,0,21.99
ORD00406,10/27/2024,CUST0004,Spiral Notebooks (3-Pack),Office Supplies,West,1,14.99,0,9.19
ORD01110,10/27/2024,CUST0337,Filing Cabinet,Furniture,South,3,455.97,0.05,119.97
ORD01187,10/27/2024,CUST0002,HDMI Cable 4K (6ft),Electronics,South,2,20.99,0.3,11.39
ORD01257,10/27/2024,CUST0159,Ergonomic Office Chair,Furniture,North,1,189.99,0.05,51.99
ORD01526,10/27/2024,CUST0094,A4 Printer Paper (Ream),Office Supplies,North,1,11.04,0.15,4.24
ORD02903,10/27/2024,CUST0001,Wireless Charging Pad,Electronics,North,1,25.49,0.15,10.99
ORD02525,10/28/2024,CUST0248,A4 Printer Paper (Ream),Office Supplies,East,1,12.34,0.05,5.54
ORD00127,10/29/2024,CUST0101,Mechanical Keyboard,Technology,West,1,79.99,0,33.99
ORD01262,10/29/2024,CUST0221,Bluetooth Speaker,Electronics,North,2,99.98,0,43.98
ORD02945,10/29/2024,CUST0259,Heavy-Duty Stapler,Office Supplies,West,3,59.97,0,34.47
ORD00277,10/30/2024,CUST0297,Standing Desk Converter,Furniture,East,1,249.99,0,74.99
ORD00835,10/30/2024,CUST0333,Ballpoint Pens (Pack of 12),Office Supplies,North,1,8.99,0,5.79
ORD01256,10/30/2024,CUST0234,Wireless Laser Presenter,Electronics,East,4,73.57,0.2,35.57
ORD00043,10/31/2024,CUST0176,Spiral Notebooks (3-Pack),Office Supplies,North,5,74.95,0,45.95
ORD00909,10/31/2024,CUST0038,HD Webcam 1080p,Technology,East,1,50.99,0.15,18.99
ORD01015,10/31/2024,CUST0040,Wireless Laser Presenter,Electronics,West,1,20.69,0.1,11.19
ORD01884,10/31/2024,CUST0034,Whiteboard Markers,Office Supplies,West,2,19.53,0.15,10.53
ORD02750,10/31/2024,CUST0174,Bookshelf 4-Tier,Furniture,North,1,83.99,0.3,1.99
ORD02305,3/27/2024,CUST0082,Standing Desk Converter,Furniture,North,7,1399.94,0.2,174.94
ORD02819,10/31/2024,CUST0029,External SSD 1TB,Technology,South,2,239.98,0,89.98
ORD00719,11/1/2024,CUST0004,Spiral Notebooks (3-Pack),Office Supplies,West,3,35.98,0.2,18.58
ORD01553,11/1/2024,CUST0184,Portable Power Bank 20000mAh,Electronics,South,2,79.98,0,36.98
ORD02414,11/1/2024,CUST0331,Permanent Sticky Notes,Office Supplies,East,1,6.29,0.1,4.09
ORD02518,11/1/2024,CUST0249,Noise-Canceling Headset,Technology,South,1,129.99,0,51.99
ORD02651,11/1/2024,CUST0046,Heavy-Duty Stapler,Office Supplies,East,5,89.95,0.1,47.45
ORD00224,11/2/2024,CUST0009,Filing Cabinet,Furniture,East,5,799.95,0,239.95
ORD01610,11/2/2024,CUST0061,Standing Desk Converter,Furniture,West,2,474.98,0.05,124.98
ORD02747,11/2/2024,CUST0041,Spiral Notebooks (3-Pack),Office Supplies,East,2,26.98,0.1,15.38
ORD00538,11/3/2024,CUST0085,HD Webcam 1080p,Technology,North,1,50.99,0.15,18.99
ORD01296,11/3/2024,CUST0092,Bookshelf 4-Tier,Furniture,South,1,101.99,0.15,19.99
ORD01794,11/3/2024,CUST0350,Heavy-Duty Stapler,Office Supplies,South,3,47.98,0.2,22.48
ORD02337,11/3/2024,CUST0334,Filing Cabinet,Furniture,West,7,1119.93,0,335.93
ORD00332,11/4/2024,CUST0330,Standing Desk Converter,Furniture,East,4,899.96,0.1,199.96
ORD01004,11/4/2024,CUST0081,Laptop Stand,Technology,North,1,39.99,0,17.99
ORD01027,11/4/2024,CUST0145,Desk Organizer Mesh,Furniture,West,3,67.47,0.1,32.97
ORD01497,11/4/2024,CUST0078,A4 Printer Paper (Ream),Office Supplies,North,3,38.97,0,18.57
ORD01895,11/4/2024,CUST0001,Lumbar Support Cushion,Furniture,North,2,56.98,0.05,28.98
ORD02206,11/4/2024,CUST0208,HDMI Cable 4K (6ft),Electronics,West,1,14.99,0,10.19
ORD02748,11/4/2024,CUST0261,Bluetooth Speaker,Electronics,East,6,224.95,0.25,56.95
ORD02783,11/4/2024,CUST0343,Ballpoint Pens (Pack of 12),Office Supplies,South,1,8.54,0.05,5.34
ORD00139,11/5/2024,CUST0001,Wireless Laser Presenter,Electronics,West,6,117.25,0.15,60.25
ORD00687,11/5/2024,CUST0269,Noise-Canceling Headset,Technology,North,1,129.99,0,51.99
ORD00778,11/5/2024,CUST0001,Spiral Notebooks (3-Pack),Office Supplies,West,1,14.99,0,9.19
ORD01408,11/5/2024,CUST0271,Whiteboard Markers,Office Supplies,East,1,9.19,0.2,4.69
ORD01506,11/5/2024,CUST0010,Desk Organizer Mesh,Furniture,South,3,74.97,0,40.47
ORD02003,11/5/2024,CUST0206,Ballpoint Pens (Pack of 12),Office Supplies,East,1,8.99,0,5.79
ORD02466,11/5/2024,CUST0067,Ergonomic Office Chair,Furniture,West,6,1079.95,0.1,251.95
ORD02854,11/5/2024,CUST0006,Wireless Laser Presenter,Electronics,West,1,19.54,0.15,10.04
ORD00054,11/6/2024,CUST0048,Wireless Charging Pad,Electronics,South,2,53.98,0.1,24.98
ORD00141,11/6/2024,CUST0011,HD Webcam 1080p,Technology,East,1,59.99,0,27.99
ORD00593,11/6/2024,CUST0012,Ballpoint Pens (Pack of 12),Office Supplies,North,4,35.96,0,23.16
ORD00948,11/6/2024,CUST0118,Desk Organizer Mesh,Furniture,West,2,49.98,0,26.98
ORD01471,11/6/2024,CUST0055,Mechanical Keyboard,Technology,East,8,639.92,0,271.92
ORD01757,11/6/2024,CUST0352,A4 Printer Paper (Ream),Office Supplies,South,3,38.97,0,18.57
ORD01797,11/6/2024,CUST0198,Desk Organizer Mesh,Furniture,East,2,39.98,0.2,16.98
ORD01871,11/6/2024,CUST0272,Mechanical Keyboard,Technology,North,3,191.98,0.2,53.98
ORD02685,11/6/2024,CUST0317,External SSD 1TB,Technology,East,4,479.96,0,179.96
ORD02702,11/6/2024,CUST0233,HD Webcam 1080p,Technology,North,4,215.96,0.1,87.96
ORD02809,11/6/2024,CUST0229,USB-C Docking Station,Technology,South,3,449.97,0,164.97
ORD00227,11/7/2024,CUST0083,A4 Printer Paper (Ream),Office Supplies,East,2,25.98,0,12.38
ORD01022,11/7/2024,CUST0256,Desk Organizer Mesh,Furniture,North,2,49.98,0,26.98
ORD01761,11/7/2024,CUST0115,Ergonomic Office Chair,Furniture,North,4,639.97,0.2,87.97
ORD02451,11/7/2024,CUST0002,Wireless Laser Presenter,Electronics,North,5,91.96,0.2,44.46
ORD00513,11/8/2024,CUST0270,Laptop Stand,Technology,South,2,75.98,0.05,31.98
ORD01023,11/8/2024,CUST0240,Bluetooth Speaker,Electronics,North,5,249.95,0,109.95
ORD01853,11/8/2024,CUST0117,Ballpoint Pens (Pack of 12),Office Supplies,North,4,34.16,0.05,21.36
ORD02455,11/8/2024,CUST0257,Portable Power Bank 20000mAh,Electronics,West,5,199.95,0,92.45
ORD00198,11/9/2024,CUST0142,Wireless Charging Pad,Electronics,East,3,89.97,0,46.47
ORD00515,11/9/2024,CUST0154,Whiteboard Markers,Office Supplies,West,1,10.34,0.1,5.84
ORD01233,11/9/2024,CUST0028,HD Webcam 1080p,Technology,East,1,41.99,0.3,9.99
ORD01892,11/9/2024,CUST0229,External SSD 1TB,Technology,East,1,119.99,0,44.99
ORD02607,11/9/2024,CUST0277,Adjustable Footrest,Furniture,West,2,69.98,0,33.98
ORD00636,11/10/2024,CUST0001,Bluetooth Speaker,Electronics,West,2,99.98,0,43.98
ORD00658,11/10/2024,CUST0321,HDMI Cable 4K (6ft),Electronics,West,2,29.98,0,20.38
ORD00718,11/10/2024,CUST0031,External SSD 1TB,Technology,West,3,359.97,0,134.97
ORD01523,11/10/2024,CUST0004,Lumbar Support Cushion,Furniture,West,6,161.95,0.1,77.95
ORD00059,11/11/2024,CUST0155,Heavy-Duty Stapler,Office Supplies,East,1,19.99,0,11.49
ORD00217,11/11/2024,CUST0111,Desk Organizer Mesh,Furniture,East,4,94.96,0.05,48.96
ORD02033,11/11/2024,CUST0068,Surge Protector Power Strip,Electronics,North,1,24.69,0.05,12.19
ORD02034,11/11/2024,CUST0172,Permanent Sticky Notes,Office Supplies,South,1,5.94,0.15,3.74
ORD02125,11/11/2024,CUST0092,Desk Organizer Mesh,Furniture,South,3,63.72,0.15,29.22
ORD02227,11/11/2024,CUST0287,Heavy-Duty Stapler,Office Supplies,South,4,67.97,0.15,33.97
ORD02969,11/11/2024,CUST0057,Standing Desk Converter,Furniture,South,2,499.98,0,149.98
ORD00169,11/12/2024,CUST0075,Bluetooth Speaker,Electronics,West,3,149.97,0,65.97
ORD00676,11/13/2024,CUST0008,Ballpoint Pens (Pack of 12),Office Supplies,North,4,34.16,0.05,21.36
ORD01581,11/13/2024,CUST0006,Permanent Sticky Notes,Office Supplies,East,1,5.59,0.2,3.39
ORD01932,11/13/2024,CUST0286,Bluetooth Speaker,Electronics,West,4,199.96,0,87.96
ORD02101,11/13/2024,CUST0208,Heavy-Duty Stapler,Office Supplies,West,1,16.99,0.15,8.49
ORD02392,11/13/2024,CUST0091,Whiteboard Markers,Office Supplies,East,1,10.34,0.1,5.84
ORD00236,11/14/2024,CUST0004,Ballpoint Pens (Pack of 12),Office Supplies,West,3,21.58,0.2,11.98
ORD01842,11/14/2024,CUST0001,HD Webcam 1080p,Technology,West,1,59.99,0,27.99
ORD02278,11/14/2024,CUST0212,Whiteboard Markers,Office Supplies,North,1,11.49,0,6.99
ORD02442,11/14/2024,CUST0004,Heavy-Duty Stapler,Office Supplies,North,3,59.97,0,34.47
ORD02947,11/14/2024,CUST0348,Document Folder Set,Office Supplies,North,4,64.56,0.05,36.56
ORD01258,11/15/2024,CUST0025,Permanent Sticky Notes,Office Supplies,South,3,20.97,0,14.37
ORD01585,11/15/2024,CUST0054,Noise-Canceling Headset,Technology,North,1,129.99,0,51.99
ORD02891,11/15/2024,CUST0010,Adjustable Footrest,Furniture,East,1,34.99,0,16.99
ORD00625,11/16/2024,CUST0138,Spiral Notebooks (3-Pack),Office Supplies,East,6,85.44,0.05,50.64
ORD01384,11/16/2024,CUST0090,Document Folder Set,Office Supplies,South,1,15.29,0.1,8.29
ORD01830,11/16/2024,CUST0023,HD Webcam 1080p,Technology,West,1,47.99,0.2,15.99
ORD02365,11/16/2024,CUST0159,Whiteboard Markers,Office Supplies,West,4,45.96,0,27.96
ORD02772,11/16/2024,CUST0363,Noise-Canceling Headset,Technology,North,4,519.96,0,207.96
ORD00200,11/17/2024,CUST0057,Standing Desk Converter,Furniture,West,1,212.49,0.15,37.49
ORD00569,11/17/2024,CUST0022,Document Folder Set,Office Supplies,North,2,30.58,0.1,16.58
ORD00998,11/17/2024,CUST0143,Heavy-Duty Stapler,Office Supplies,North,2,39.98,0,22.98
ORD01079,11/17/2024,CUST0212,Document Folder Set,Office Supplies,North,1,15.29,0.1,8.29
ORD01680,11/17/2024,CUST0231,Bookshelf 4-Tier,Furniture,East,1,101.99,0.15,19.99
ORD02462,11/17/2024,CUST0094,Ballpoint Pens (Pack of 12),Office Supplies,North,2,16.18,0.1,9.78
ORD02523,11/17/2024,CUST0032,Lumbar Support Cushion,Furniture,East,4,95.97,0.2,39.97
ORD02877,11/17/2024,CUST0087,Standing Desk Converter,Furniture,East,5,1062.46,0.15,187.46
ORD00313,11/18/2024,CUST0095,Wireless Charging Pad,Electronics,South,6,179.94,0,92.94
ORD01101,11/18/2024,CUST0009,HDMI Cable 4K (6ft),Electronics,West,2,29.98,0,20.38
ORD01436,11/18/2024,CUST0306,Lumbar Support Cushion,Furniture,South,4,119.96,0,63.96
ORD01922,11/18/2024,CUST0301,Wireless Charging Pad,Electronics,North,1,29.99,0,15.49
ORD00147,11/19/2024,CUST0062,Ballpoint Pens (Pack of 12),Office Supplies,North,1,8.99,0,5.79
ORD00755,11/19/2024,CUST0173,Permanent Sticky Notes,Office Supplies,West,1,6.64,0.05,4.44
ORD00883,11/20/2024,CUST0253,Bluetooth Speaker,Electronics,North,5,249.95,0,109.95
ORD02406,11/20/2024,CUST0008,Standing Desk Converter,Furniture,West,1,224.99,0.1,49.99
ORD02706,11/20/2024,CUST0077,HD Webcam 1080p,Technology,North,3,170.97,0.05,74.97
ORD01567,11/21/2024,CUST0011,Dual Monitor Arm,Technology,South,1,89.99,0,37.99
ORD01673,11/21/2024,CUST0076,Ergonomic Office Chair,Furniture,South,3,419.98,0.3,5.98
ORD01162,11/22/2024,CUST0002,Whiteboard Markers,Office Supplies,North,1,9.19,0.2,4.69
ORD01493,11/22/2024,CUST0013,Spiral Notebooks (3-Pack),Office Supplies,West,1,14.24,0.05,8.44
ORD02005,11/22/2024,CUST0056,Desk Organizer Mesh,Furniture,North,1,19.99,0.2,8.49
ORD00382,11/23/2024,CUST0012,Spiral Notebooks (3-Pack),Office Supplies,South,2,26.98,0.1,15.38
ORD00531,11/23/2024,CUST0012,Portable Power Bank 20000mAh,Electronics,North,3,119.97,0,55.47
ORD00776,11/23/2024,CUST0021,USB-C Docking Station,Technology,East,2,299.98,0,109.98
ORD01622,11/23/2024,CUST0046,Portable Power Bank 20000mAh,Electronics,East,1,37.99,0.05,16.49
ORD02537,11/23/2024,CUST0064,Laptop Stand,Technology,West,1,39.99,0,17.99
ORD02541,11/23/2024,CUST0002,Noise-Canceling Headset,Technology,West,2,220.98,0.15,64.98
ORD00061,11/24/2024,CUST0016,Whiteboard Markers,Office Supplies,East,1,11.49,0,6.99
ORD00631,11/24/2024,CUST0248,Bookshelf 4-Tier,Furniture,East,1,101.99,0.15,19.99
ORD00862,11/24/2024,CUST0026,External SSD 1TB,Technology,North,3,287.98,0.2,62.98
ORD01119,11/24/2024,CUST0003,HDMI Cable 4K (6ft),Electronics,North,4,59.96,0,40.76
ORD02599,11/24/2024,CUST0359,Heavy-Duty Stapler,Office Supplies,North,5,99.95,0,57.45
ORD00206,11/25/2024,CUST0369,Bookshelf 4-Tier,Furniture,West,2,239.98,0,75.98
ORD00529,11/25/2024,CUST0216,A4 Printer Paper (Ream),Office Supplies,West,3,38.97,0,18.57
ORD00849,11/25/2024,CUST0009,Permanent Sticky Notes,Office Supplies,North,4,23.77,0.15,14.97
ORD00357,11/26/2024,CUST0103,Ergonomic Office Chair,Furniture,East,1,159.99,0.2,21.99
ORD00380,11/26/2024,CUST0011,Whiteboard Markers,Office Supplies,West,10,91.92,0.2,46.92
ORD02018,11/26/2024,CUST0002,Ergonomic Office Chair,Furniture,North,2,339.98,0.15,63.98
ORD02120,11/26/2024,CUST0264,Desk Organizer Mesh,Furniture,North,1,24.99,0,13.49
ORD02674,11/26/2024,CUST0008,External SSD 1TB,Technology,West,6,647.95,0.1,197.95
ORD00291,11/27/2024,CUST0293,USB-C Docking Station,Technology,East,2,239.98,0.2,49.98
ORD00797,11/28/2024,CUST0040,Spiral Notebooks (3-Pack),Office Supplies,South,7,104.93,0,64.33
ORD01211,11/28/2024,CUST0029,Spiral Notebooks (3-Pack),Office Supplies,West,1,12.74,0.15,6.94
ORD01373,11/28/2024,CUST0230,Mechanical Keyboard,Technology,East,3,215.97,0.1,77.97
ORD02202,11/28/2024,CUST0122,A4 Printer Paper (Ream),Office Supplies,East,1,12.99,0,6.19
ORD00387,11/29/2024,CUST0003,Document Folder Set,Office Supplies,South,1,13.59,0.2,6.59
ORD01053,11/29/2024,CUST0002,Laptop Stand,Technology,East,2,79.98,0,35.98
ORD01382,11/29/2024,CUST0364,Noise-Canceling Headset,Technology,North,4,519.96,0,207.96
ORD01658,11/29/2024,CUST0021,Permanent Sticky Notes,Office Supplies,East,3,20.97,0,14.37
ORD01678,11/29/2024,CUST0007,Wireless Charging Pad,Electronics,East,1,23.99,0.2,9.49
ORD02048,11/29/2024,CUST0173,Whiteboard Markers,Office Supplies,South,3,24.13,0.3,10.63
ORD02592,11/29/2024,CUST0001,External SSD 1TB,Technology,North,6,611.95,0.15,161.95
ORD00135,11/30/2024,CUST0319,USB-C Docking Station,Technology,East,2,269.98,0.1,79.98
ORD00472,11/30/2024,CUST0379,Document Folder Set,Office Supplies,East,1,15.29,0.1,8.29
ORD00686,11/30/2024,CUST0123,Ballpoint Pens (Pack of 12),Office Supplies,South,1,8.99,0,5.79
ORD01151,11/30/2024,CUST0019,A4 Printer Paper (Ream),Office Supplies,West,4,46.76,0.1,19.56
ORD01375,11/30/2024,CUST0022,Heavy-Duty Stapler,Office Supplies,West,2,27.99,0.3,10.99
ORD01943,11/30/2024,CUST0222,Laptop Stand,Technology,East,6,239.94,0,107.94
ORD00086,12/1/2024,CUST0009,Bluetooth Speaker,Electronics,South,2,99.98,0,43.98
ORD00786,12/1/2024,CUST0229,Standing Desk Converter,Furniture,North,5,1249.95,0,374.95
ORD01389,12/1/2024,CUST0030,External SSD 1TB,Technology,North,2,239.98,0,89.98
ORD02875,12/1/2024,CUST0014,Permanent Sticky Notes,Office Supplies,East,3,20.97,0,14.37
ORD00666,12/2/2024,CUST0167,Ballpoint Pens (Pack of 12),Office Supplies,South,5,44.95,0,28.95
ORD00877,12/2/2024,CUST0298,Heavy-Duty Stapler,Office Supplies,East,6,119.94,0,68.94
ORD01286,12/2/2024,CUST0303,Whiteboard Markers,Office Supplies,North,1,9.77,0.15,5.27
ORD02697,12/2/2024,CUST0018,Ballpoint Pens (Pack of 12),Office Supplies,South,2,15.28,0.15,8.88
ORD00606,12/3/2024,CUST0085,A4 Printer Paper (Ream),Office Supplies,South,1,12.99,0,6.19
ORD01019,12/3/2024,CUST0331,Spiral Notebooks (3-Pack),Office Supplies,East,1,14.99,0,9.19
ORD01227,12/3/2024,CUST0093,Standing Desk Converter,Furniture,North,3,562.48,0.25,37.48
ORD01937,12/3/2024,CUST0003,Dual Monitor Arm,Technology,East,1,76.49,0.15,24.49
ORD02350,12/3/2024,CUST0024,Portable Power Bank 20000mAh,Electronics,North,3,119.97,0,55.47
ORD01342,12/4/2024,CUST0262,External SSD 1TB,Technology,West,1,89.99,0.25,14.99
ORD02061,12/4/2024,CUST0002,Heavy-Duty Stapler,Office Supplies,North,1,17.99,0.1,9.49
ORD02405,12/4/2024,CUST0352,Lumbar Support Cushion,Furniture,East,1,26.99,0.1,12.99
ORD01190,12/5/2024,CUST0280,Bookshelf 4-Tier,Furniture,North,6,719.94,0,227.94
ORD01330,12/5/2024,CUST0169,Wireless Laser Presenter,Electronics,East,1,22.99,0,13.49
ORD01445,12/5/2024,CUST0031,Heavy-Duty Stapler,Office Supplies,North,1,19.99,0,11.49
ORD01446,12/5/2024,CUST0256,External SSD 1TB,Technology,West,2,239.98,0,89.98
ORD01494,12/5/2024,CUST0004,Laptop Stand,Technology,East,1,39.99,0,17.99
ORD01606,12/5/2024,CUST0034,Noise-Canceling Headset,Technology,South,2,220.98,0.15,64.98
ORD02012,12/5/2024,CUST0007,Whiteboard Markers,Office Supplies,North,3,29.3,0.15,15.8
ORD02524,12/5/2024,CUST0145,HD Webcam 1080p,Technology,West,1,53.99,0.1,21.99
ORD00640,12/6/2024,CUST0179,Ergonomic Office Chair,Furniture,South,3,599.97,0,185.97
ORD01209,12/6/2024,CUST0003,Filing Cabinet,Furniture,East,1,159.99,0,47.99
ORD01694,12/6/2024,CUST0035,Permanent Sticky Notes,Office Supplies,South,1,6.99,0,4.79
ORD00184,12/7/2024,CUST0006,Surge Protector Power Strip,Electronics,South,2,51.98,0,26.98
ORD00700,12/7/2024,CUST0324,Permanent Sticky Notes,Office Supplies,West,1,6.99,0,4.79
ORD00703,12/7/2024,CUST0260,HD Webcam 1080p,Technology,South,3,170.97,0.05,74.97
ORD01028,12/7/2024,CUST0251,External SSD 1TB,Technology,North,1,119.99,0,44.99
ORD02372,12/7/2024,CUST0024,Adjustable Footrest,Furniture,West,3,104.97,0,50.97
ORD02897,12/7/2024,CUST0203,Standing Desk Converter,Furniture,North,1,224.99,0.1,49.99
ORD00267,12/8/2024,CUST0103,Whiteboard Markers,Office Supplies,West,3,34.47,0,20.97
ORD00808,12/8/2024,CUST0209,Document Folder Set,Office Supplies,West,4,64.56,0.05,36.56
ORD00331,12/9/2024,CUST0093,Laptop Stand,Technology,East,1,37.99,0.05,15.99
ORD00353,12/9/2024,CUST0002,Wireless Laser Presenter,Electronics,West,2,41.38,0.1,22.38
ORD01099,12/9/2024,CUST0326,Heavy-Duty Stapler,Office Supplies,West,3,59.97,0,34.47
ORD02675,12/9/2024,CUST0246,Surge Protector Power Strip,Electronics,North,2,49.38,0.05,24.38
ORD00270,12/10/2024,CUST0096,Wireless Charging Pad,Electronics,East,1,20.99,0.3,6.49
ORD00555,12/10/2024,CUST0329,Lumbar Support Cushion,Furniture,West,1,28.49,0.05,14.49
ORD01364,12/10/2024,CUST0044,Document Folder Set,Office Supplies,South,1,16.99,0,9.99
ORD02367,12/10/2024,CUST0049,Noise-Canceling Headset,Technology,North,1,129.99,0,51.99
ORD00368,12/11/2024,CUST0064,Permanent Sticky Notes,Office Supplies,South,1,6.29,0.1,4.09
ORD00369,12/11/2024,CUST0331,External SSD 1TB,Technology,East,1,119.99,0,44.99
ORD00549,12/11/2024,CUST0198,Permanent Sticky Notes,Office Supplies,East,2,12.58,0.1,8.18
ORD01321,12/11/2024,CUST0257,Desk Organizer Mesh,Furniture,West,8,199.92,0,107.92
ORD01349,12/11/2024,CUST0145,A4 Printer Paper (Ream),Office Supplies,West,3,38.97,0,18.57
ORD02687,12/11/2024,CUST0237,Dual Monitor Arm,Technology,North,1,89.99,0,37.99
ORD00347,12/12/2024,CUST0044,Wireless Charging Pad,Electronics,South,3,85.47,0.05,41.97
ORD01271,12/12/2024,CUST0021,Ballpoint Pens (Pack of 12),Office Supplies,West,3,26.97,0,17.37
ORD01637,12/12/2024,CUST0185,Whiteboard Markers,Office Supplies,East,1,9.19,0.2,4.69
ORD01888,12/12/2024,CUST0117,Desk Organizer Mesh,Furniture,South,4,99.96,0,53.96
ORD02931,12/12/2024,CUST0003,Bluetooth Speaker,Electronics,North,1,42.49,0.15,14.49
ORD00221,12/13/2024,CUST0017,HD Webcam 1080p,Technology,West,2,119.98,0,55.98
ORD00467,12/14/2024,CUST0005,Desk Organizer Mesh,Furniture,South,4,99.96,0,53.96
ORD00682,12/14/2024,CUST0129,Ballpoint Pens (Pack of 12),Office Supplies,East,1,7.64,0.15,4.44
ORD01100,12/14/2024,CUST0226,Document Folder Set,Office Supplies,West,3,48.42,0.05,27.42
ORD01102,12/14/2024,CUST0009,Standing Desk Converter,Furniture,South,1,249.99,0,74.99
ORD02896,12/14/2024,CUST0114,Noise-Canceling Headset,Technology,South,6,779.94,0,311.94
ORD02905,12/14/2024,CUST0344,A4 Printer Paper (Ream),Office Supplies,South,5,58.46,0.1,24.46
ORD01156,12/15/2024,CUST0080,Bluetooth Speaker,Electronics,South,2,99.98,0,43.98
ORD02119,12/15/2024,CUST0375,External SSD 1TB,Technology,North,1,101.99,0.15,26.99
ORD01171,12/16/2024,CUST0066,Surge Protector Power Strip,Electronics,West,1,20.79,0.2,8.29
ORD02071,12/16/2024,CUST0015,Standing Desk Converter,Furniture,South,2,499.98,0,149.98
ORD00083,12/17/2024,CUST0059,Spiral Notebooks (3-Pack),Office Supplies,East,4,59.96,0,36.76
ORD01762,12/17/2024,CUST0044,HDMI Cable 4K (6ft),Electronics,East,1,14.99,0,10.19
ORD02521,12/17/2024,CUST0214,Spiral Notebooks (3-Pack),Office Supplies,West,2,28.48,0.05,16.88
ORD02686,12/17/2024,CUST0307,A4 Printer Paper (Ream),Office Supplies,North,2,24.68,0.05,11.08
ORD00296,12/18/2024,CUST0376,Bluetooth Speaker,Electronics,West,2,99.98,0,43.98
ORD00425,12/18/2024,CUST0047,Standing Desk Converter,Furniture,North,1,212.49,0.15,37.49
ORD00444,12/18/2024,CUST0130,External SSD 1TB,Technology,West,4,335.97,0.3,35.97
ORD01277,12/18/2024,CUST0036,Laptop Stand,Technology,West,1,29.99,0.25,7.99
ORD01967,12/18/2024,CUST0001,External SSD 1TB,Technology,South,1,107.99,0.1,32.99
ORD02477,12/18/2024,CUST0015,Wireless Charging Pad,Electronics,East,2,59.98,0,30.98
ORD02817,12/18/2024,CUST0347,Filing Cabinet,Furniture,North,1,135.99,0.15,23.99
ORD01849,12/19/2024,CUST0124,HDMI Cable 4K (6ft),Electronics,South,4,56.96,0.05,37.76
ORD02036,12/19/2024,CUST0059,Heavy-Duty Stapler,Office Supplies,North,3,56.97,0.05,31.47
ORD00107,12/20/2024,CUST0004,Dual Monitor Arm,Technology,West,3,242.97,0.1,86.97
ORD01244,12/20/2024,CUST0045,Spiral Notebooks (3-Pack),Office Supplies,North,10,134.91,0.1,76.91
ORD01611,12/20/2024,CUST0028,USB-C Docking Station,Technology,East,7,892.44,0.15,227.44
ORD00181,12/21/2024,CUST0126,Ballpoint Pens (Pack of 12),Office Supplies,North,5,44.95,0,28.95
ORD00428,12/22/2024,CUST0002,Wireless Charging Pad,Electronics,North,3,67.48,0.25,23.98
ORD00460,12/22/2024,CUST0340,USB-C Docking Station,Technology,North,1,149.99,0,54.99
ORD00781,12/22/2024,CUST0132,Dual Monitor Arm,Technology,East,1,89.99,0,37.99
ORD00879,12/22/2024,CUST0197,Dual Monitor Arm,Technology,North,1,85.49,0.05,33.49
ORD01642,12/22/2024,CUST0156,Bluetooth Speaker,Electronics,West,6,209.96,0.3,41.96
ORD01936,12/22/2024,CUST0323,Surge Protector Power Strip,Electronics,North,7,181.93,0,94.43
ORD02397,12/22/2024,CUST0176,Standing Desk Converter,Furniture,East,2,499.98,0,149.98
ORD02564,12/22/2024,CUST0071,HDMI Cable 4K (6ft),Electronics,North,4,59.96,0,40.76
ORD02898,12/22/2024,CUST0049,Lumbar Support Cushion,Furniture,West,5,149.95,0,79.95
ORD00047,12/23/2024,CUST0001,HD Webcam 1080p,Technology,West,2,101.98,0.15,37.98
ORD00121,12/23/2024,CUST0269,Surge Protector Power Strip,Electronics,South,1,25.99,0,13.49
ORD00617,12/23/2024,CUST0011,Bluetooth Speaker,Electronics,East,2,89.98,0.1,33.98
ORD00729,12/23/2024,CUST0317,Lumbar Support Cushion,Furniture,North,6,143.95,0.2,59.95
ORD01005,12/23/2024,CUST0008,HDMI Cable 4K (6ft),Electronics,North,2,26.98,0.1,17.38
ORD00619,12/24/2024,CUST0065,Document Folder Set,Office Supplies,North,1,13.59,0.2,6.59
ORD00853,12/24/2024,CUST0302,Lumbar Support Cushion,Furniture,West,2,59.98,0,31.98
ORD01584,12/24/2024,CUST0009,HDMI Cable 4K (6ft),Electronics,South,5,52.46,0.3,28.46
ORD01635,12/24/2024,CUST0043,Permanent Sticky Notes,Office Supplies,North,3,20.97,0,14.37
ORD02282,12/24/2024,CUST0340,Desk Organizer Mesh,Furniture,East,2,42.48,0.15,19.48
ORD02657,12/24/2024,CUST0278,Whiteboard Markers,Office Supplies,North,9,103.41,0,62.91
ORD02913,12/24/2024,CUST0267,Adjustable Footrest,Furniture,West,1,33.24,0.05,15.24
ORD00930,12/25/2024,CUST0192,HD Webcam 1080p,Technology,West,1,59.99,0,27.99
ORD01080,12/25/2024,CUST0165,Heavy-Duty Stapler,Office Supplies,North,3,56.97,0.05,31.47
ORD01098,12/25/2024,CUST0029,Wireless Charging Pad,Electronics,North,7,209.93,0,108.43
ORD01683,12/25/2024,CUST0020,Wireless Laser Presenter,Electronics,West,2,43.68,0.05,24.68
ORD02560,12/25/2024,CUST0320,HD Webcam 1080p,Technology,South,6,359.94,0,167.94
ORD02693,12/25/2024,CUST0116,USB-C Docking Station,TECHNOLOGY,South,1,127.49,0.15,32.49
ORD00762,12/26/2024,CUST0019,USB-C Docking Station,Technology,East,1,127.49,0.15,32.49
ORD00891,12/26/2024,CUST0175,External SSD 1TB,Technology,North,10,1139.9,0.05,389.9
ORD01938,12/26/2024,CUST0146,Dual Monitor Arm,Technology,East,2,143.98,0.2,39.98
ORD00243,12/27/2024,CUST0343,Ballpoint Pens (Pack of 12),Office Supplies,West,1,8.09,0.1,4.89
ORD00613,12/27/2024,CUST0001,Permanent Sticky Notes,Office Supplies,North,3,18.87,0.1,12.27
ORD01166,12/27/2024,CUST0014,Ballpoint Pens (Pack of 12),Office Supplies,East,2,16.18,0.1,9.78
ORD01176,12/27/2024,CUST0047,Whiteboard Markers,Office Supplies,South,1,10.34,0.1,5.84
ORD01724,12/27/2024,CUST0028,Dual Monitor Arm,Technology,East,1,85.49,0.05,33.49
ORD02938,12/27/2024,CUST0216,Whiteboard Markers,Office Supplies,North,1,9.77,0.15,5.27
ORD00793,12/29/2024,CUST0097,Whiteboard Markers,Office Supplies,South,1,11.49,0,6.99
ORD01318,12/29/2024,CUST0296,Portable Power Bank 20000mAh,Electronics,West,5,199.95,0,92.45
ORD02167,12/29/2024,CUST0011,Permanent Sticky Notes,Office Supplies,West,2,13.98,0,9.58
ORD02449,12/29/2024,CUST0032,Wireless Laser Presenter,Electronics,North,1,22.99,0,13.49
ORD00162,12/30/2024,CUST0004,Mechanical Keyboard,Technology,North,1,71.99,0.1,25.99
ORD01143,12/30/2024,CUST0190,Whiteboard Markers,Office Supplies,South,2,20.68,0.1,11.68
ORD01390,12/30/2024,CUST0074,Dual Monitor Arm,Technology,North,1,71.99,0.2,19.99
ORD01572,12/30/2024,CUST0050,Wireless Charging Pad,Electronics,East,3,62.98,0.3,19.48
ORD01907,12/30/2024,CUST0019,Wireless Laser Presenter,Electronics,West,2,43.68,0.05,24.68
ORD02053,12/30/2024,CUST0046,Permanent Sticky Notes,Office Supplies,East,1,6.29,0.1,4.09
ORD02170,12/30/2024,CUST0134,Ballpoint Pens (Pack of 12),Office Supplies,West,3,26.97,0,17.37
ORD02366,12/30/2024,CUST0038,Ballpoint Pens (Pack of 12),Office Supplies,West,6,40.45,0.25,21.25
ORD00939,12/31/2024,CUST0141,Document Folder Set,Office Supplies,East,2,32.28,0.05,18.28
ORD01033,12/31/2024,CUST0073,Desk Organizer Mesh,Furniture,East,2,49.98,0,26.98
ORD01177,12/31/2024,CUST0011,Surge Protector Power Strip,Electronics,North,1,25.99,0,13.49
ORD02086,12/31/2024,CUST0163,Heavy-Duty Stapler,Office Supplies,West,1,19.99,0,11.49
ORD02514,12/31/2024,CUST0037,Document Folder Set,Office Supplies,East,8,122.33,0.1,66.33
